Sample ID,Cell type,Chronological_age,Methlation_age
lane1_B14_Plate02_A01_CACAGAAT_L001_EpiAge7680441Aligned.out_counts.txt,NveCD4T,36,Y
lane1_B14_Plate02_A02_TTAGCAGT_L001_EpiAge7680449Aligned.out_counts.txt,BCell,36,Y
lane1_B14_Plate02_A03_ATCGACCA_L001_EpiAge7680457Aligned.out_counts.txt,BCell,36,Y
lane1_B14_Plate02_A04_CTACCATA_L001_EpiAge7680465Aligned.out_counts.txt,MemCD8T,36,Y
lane1_B14_Plate02_B01_ACTCCCCA_L001_EpiAge7680442Aligned.out_counts.txt,BCell,36,Y
lane1_B14_Plate02_B02_AGAGGGAG_L001_EpiAge7680450Aligned.out_counts.txt,BCell,36,Y
lane1_B14_Plate02_B03_ACACTTAC_L001_EpiAge7680458Aligned.out_counts.txt,BCell,36,Y
lane1_B14_Plate02_B04_CGGCTCAC_L001_EpiAge7680466Aligned.out_counts.txt,BCell,36,Y
lane1_B14_Plate02_C01_TGTGCGCC_L001_EpiAge7680443Aligned.out_counts.txt,NveCD4T,36,Y
lane1_B14_Plate02_C02_ATGTCCAT_L001_EpiAge7680451Aligned.out_counts.txt,NveCD8TT,36,Y
lane1_B14_Plate02_C03_GCAGTGGC_L001_EpiAge7680459Aligned.out_counts.txt,BCell,36,NA
lane1_B14_Plate02_C04_TAGAGATG_L001_EpiAge7680467Aligned.out_counts.txt,BCell,36,Y
lane1_B14_Plate02_D01_CACCAACA_L001_EpiAge7680444Aligned.out_counts.txt,BCell,36,Y
lane1_B14_Plate02_D03_AGCAAACC_L001_EpiAge7680460Aligned.out_counts.txt,NA,36,NA
lane1_B14_Plate02_E01_CTGTAGTT_L001_EpiAge7680445Aligned.out_counts.txt,BCell,36,Y
lane1_B14_Plate02_E02_TCCCACTG_L001_EpiAge7680453Aligned.out_counts.txt,BCell,36,Y
lane1_B14_Plate02_E03_AGGCGACA_L001_EpiAge7680461Aligned.out_counts.txt,NveCD4T,36,NA
lane1_B14_Plate02_F01_TCCTTCAG_L001_EpiAge7680446Aligned.out_counts.txt,BCell,36,Y
lane1_B14_Plate02_F02_CGTACTGC_L001_EpiAge7680454Aligned.out_counts.txt,BCell,36,Y
lane1_B14_Plate02_F03_CCGGACGA_L001_EpiAge7680462Aligned.out_counts.txt,Mono,36,Y
lane1_B14_Plate02_G01_AATCTACG_L001_EpiAge7680447Aligned.out_counts.txt,BCell,36,Y
lane1_B14_Plate02_G02_AAGAACGT_L001_EpiAge7680455Aligned.out_counts.txt,NveCD4T,36,Y
lane1_B14_Plate02_G03_GTCCATGG_L001_EpiAge7680463Aligned.out_counts.txt,BCell,36,Y
lane1_B14_Plate02_H02_TACATACA_L001_EpiAge7680456Aligned.out_counts.txt,EffCD4T,36,Y
lane1_B14_Plate02_H03_CACTATGC_L001_EpiAge7680464Aligned.out_counts.txt,BCell,36,Y
lane1_B15_Plate01_A01_TGAGCAGC_L001_EpiAge7680345Aligned.out_counts.txt,Mono,36,old
lane1_B15_Plate01_A02_GCGACACA_L001_EpiAge7680353Aligned.out_counts.txt,BCell,36,Y
lane1_B15_Plate01_A03_AAGTCAAT_L001_EpiAge7680361Aligned.out_counts.txt,BCell,36,Y
lane1_B15_Plate01_A04_GCTTGTTT_L001_EpiAge7680369Aligned.out_counts.txt,BCell,36,Y
lane1_B15_Plate01_A05_TATACGAA_L001_EpiAge7680377Aligned.out_counts.txt,Mono,36,Y
lane1_B15_Plate01_A06_ATCATGAT_L001_EpiAge7680385Aligned.out_counts.txt,BCell,36,Y
lane1_B15_Plate01_A07_AAAACAGT_L001_EpiAge7680393Aligned.out_counts.txt,BCell,36,old
lane1_B15_Plate01_A08_CTACTGCT_L001_EpiAge7680401Aligned.out_counts.txt,BCell,36,old
lane1_B15_Plate01_A09_TGCATTAG_L001_EpiAge7680409Aligned.out_counts.txt,BCell,36,Y
lane1_B15_Plate01_A10_CGGTGCAA_L001_EpiAge7680417Aligned.out_counts.txt,MemCD8T,36,old
lane1_B15_Plate01_A11_TGACTGTA_L001_EpiAge7680425Aligned.out_counts.txt,BCell,36,Y
lane1_B15_Plate01_A12_CTTAACGC_L001_EpiAge7680433Aligned.out_counts.txt,BCell,36,Y
lane1_B15_Plate01_B01_TCGCCCTA_L001_EpiAge7680346Aligned.out_counts.txt,EffCD4T,36,Y
lane1_B15_Plate01_B02_AGAGTTTT_L001_EpiAge7680354Aligned.out_counts.txt,BCell,36,old
lane1_B15_Plate01_B03_GGCGATTC_L001_EpiAge7680362Aligned.out_counts.txt,NveCD4T,36,old
lane1_B15_Plate01_B04_AGCATGTG_L001_EpiAge7680370Aligned.out_counts.txt,BCell,36,Y
lane1_B15_Plate01_B05_GTCAATAG_L001_EpiAge7680378Aligned.out_counts.txt,BCell,36,Y
lane1_B15_Plate01_B06_TACAATCC_L001_EpiAge7680386Aligned.out_counts.txt,BCell,36,Y
lane1_B15_Plate01_B07_GAATCACC_L001_EpiAge7680394Aligned.out_counts.txt,BCell,36,Y
lane1_B15_Plate01_B08_TTTGAGAC_L001_EpiAge7680402Aligned.out_counts.txt,BCell,36,Y
lane1_B15_Plate01_B09_ATCTCTGT_L001_EpiAge7680410Aligned.out_counts.txt,BCell,36,Y
lane1_B15_Plate01_B10_AATTCCTG_L001_EpiAge7680418Aligned.out_counts.txt,BCell,36,
lane1_B15_Plate01_B11_ACTTAAGC_L001_EpiAge7680426Aligned.out_counts.txt,NveCD4T,36,Y
lane1_B15_Plate01_B12_AGTGTTCT_L001_EpiAge7680434Aligned.out_counts.txt,BCell,36,Y
lane1_B15_Plate01_C01_TCGCACAT_L001_EpiAge7680347Aligned.out_counts.txt,BCell,36,old
lane1_B15_Plate01_C02_ACTTGCCT_L001_EpiAge7680355Aligned.out_counts.txt,BCell,36,Y
lane1_B15_Plate01_C03_ATGTTGAG_L001_EpiAge7680363Aligned.out_counts.txt,NK,36,old
lane1_B15_Plate01_C04_CGATAGCC_L001_EpiAge7680371Aligned.out_counts.txt,RegT,36,old
lane1_B15_Plate01_C05_TCCATCAC_L001_EpiAge7680379Aligned.out_counts.txt,BCell,36,Y
lane1_B15_Plate01_C06_CAAAGTGT_L001_EpiAge7680387Aligned.out_counts.txt,BCell,36,old
lane1_B15_Plate01_C07_TATGGTAC_L001_EpiAge7680395Aligned.out_counts.txt,BCell,36,old
lane1_B15_Plate01_C08_TTTGTGTT_L001_EpiAge7680403Aligned.out_counts.txt,BCell,36,Y
lane1_B15_Plate01_C09_GGTCGATA_L001_EpiAge7680411Aligned.out_counts.txt,BCell,36,Y
lane1_B15_Plate01_C10_CTTCAGCG_L001_EpiAge7680419Aligned.out_counts.txt,BCell,36,Y
lane1_B15_Plate01_C11_CAACATTG_L001_EpiAge7680427Aligned.out_counts.txt,BCell,36,old
lane1_B15_Plate01_C12_ACTTCCGA_L001_EpiAge7680435Aligned.out_counts.txt,NA,36,NA
lane1_B15_Plate01_D01_ACCAGAAA_L001_EpiAge7680348Aligned.out_counts.txt,BCell,36,Y
lane1_B15_Plate01_D02_GTATAGAA_L001_EpiAge7680356Aligned.out_counts.txt,MemCD8T,36,Y
lane1_B15_Plate01_D03_CTCCTTTA_L001_EpiAge7680364Aligned.out_counts.txt,BCell,36,Y
lane1_B15_Plate01_D04_AGATCCTC_L001_EpiAge7680372Aligned.out_counts.txt,BCell,36,Y
lane1_B15_Plate01_D05_AACAAGGG_L001_EpiAge7680380Aligned.out_counts.txt,BCell,36,Y
lane1_B15_Plate01_D06_ATTCGAAT_L001_EpiAge7680388Aligned.out_counts.txt,BCell,36,Y
lane1_B15_Plate01_D07_TATGGCCA_L001_EpiAge7680396Aligned.out_counts.txt,BCell,36,old
lane1_B15_Plate01_D08_ATACGCGA_L001_EpiAge7680404Aligned.out_counts.txt,BCell,36,old
lane1_B15_Plate01_D09_GGATACTG_L001_EpiAge7680412Aligned.out_counts.txt,NveCD4T,36,old
lane1_B15_Plate01_D10_AGTTGTGT_L001_EpiAge7680420Aligned.out_counts.txt,BCell,36,old
lane1_B15_Plate01_D11_GCTGTTTA_L001_EpiAge7680428Aligned.out_counts.txt,MemCD8T,36,old
lane1_B15_Plate01_D12_GCTGCTAC_L001_EpiAge7680436Aligned.out_counts.txt,EffCD4T,36,Y
lane1_B15_Plate01_E01_TCGGCATT_L001_EpiAge7680349Aligned.out_counts.txt,EffCD4T,36,Y
lane1_B15_Plate01_E02_GCGAGCAT_L001_EpiAge7680357Aligned.out_counts.txt,BCell,36,Y
lane1_B15_Plate01_E03_ACCCTTGG_L001_EpiAge7680365Aligned.out_counts.txt,BCell,36,Y
lane1_B15_Plate01_E04_AGCATGGA_L001_EpiAge7680373Aligned.out_counts.txt,BCell,36,old
lane1_B15_Plate01_E05_ATCGCATG_L001_EpiAge7680381Aligned.out_counts.txt,EffCD4T,36,Y
lane1_B15_Plate01_E06_CGAAACGT_L001_EpiAge7680389Aligned.out_counts.txt,BCell,36,Y
lane1_B15_Plate01_E07_AGGAGCTG_L001_EpiAge7680397Aligned.out_counts.txt,BCell,36,Y
lane1_B15_Plate01_E08_TCTTTTGG_L001_EpiAge7680405Aligned.out_counts.txt,NveCD4T,36,old
lane1_B15_Plate01_E09_CCAACAGA_L001_EpiAge7680413Aligned.out_counts.txt,BCell,36,Y
lane1_B15_Plate01_E10_ATGTGCTC_L001_EpiAge7680421Aligned.out_counts.txt,Mono,36,old
lane1_B15_Plate01_E11_TTCGTTCG_L001_EpiAge7680429Aligned.out_counts.txt,BCell,36,Y
lane1_B15_Plate01_E12_ATCGGGTG_L001_EpiAge7680437Aligned.out_counts.txt,BCell,36,Y
lane1_B15_Plate01_F01_TCCGTGTG_L001_EpiAge7680350Aligned.out_counts.txt,BCell,36,Y
lane1_B15_Plate01_F02_GGAGGATT_L001_EpiAge7680358Aligned.out_counts.txt,BCell,36,Y
lane1_B15_Plate01_F03_ATCTGGAA_L001_EpiAge7680366Aligned.out_counts.txt,MemCD8T,36,Y
lane1_B15_Plate01_F04_GTGGAGAC_L001_EpiAge7680374Aligned.out_counts.txt,BCell,36,Y
lane1_B15_Plate01_F05_GCCTTGCG_L001_EpiAge7680382Aligned.out_counts.txt,BCell,36,Y
lane1_B15_Plate01_F06_GTGGTTAG_L001_EpiAge7680390Aligned.out_counts.txt,BCell,36,Y
lane1_B15_Plate01_F07_GGGGCAAA_L001_EpiAge7680398Aligned.out_counts.txt,BCell,36,Y
lane1_B15_Plate01_F08_CTTTGTCA_L001_EpiAge7680406Aligned.out_counts.txt,MemCD8T,36,old
lane1_B15_Plate01_F09_CTTCCCAA_L001_EpiAge7680414Aligned.out_counts.txt,BCell,36,old
lane1_B15_Plate01_F10_AGGTTCGC_L001_EpiAge7680422Aligned.out_counts.txt,BCell,36,old
lane1_B15_Plate01_F11_AAGTATGT_L001_EpiAge7680430Aligned.out_counts.txt,NveCD4T,36,Y
lane1_B15_Plate01_F12_ACGACTTG_L001_EpiAge7680438Aligned.out_counts.txt,BCell,36,old
lane1_B15_Plate01_G01_TGCAACGC_L001_EpiAge7680351Aligned.out_counts.txt,EffCD4T,36,old
lane1_B15_Plate01_G02_TTTCCAAC_L001_EpiAge7680359Aligned.out_counts.txt,BCell,36,Y
lane1_B15_Plate01_G03_GCGCACCC_L001_EpiAge7680367Aligned.out_counts.txt,RegT,36,old
lane1_B15_Plate01_G04_TGGAAGGC_L001_EpiAge7680375Aligned.out_counts.txt,BCell,36,Y
lane1_B15_Plate01_G05_GTGACTTC_L001_EpiAge7680383Aligned.out_counts.txt,MemCD4T,36,Y
lane1_B15_Plate01_G06_CCCACCAT_L001_EpiAge7680391Aligned.out_counts.txt,MemCD8T,36,old
lane1_B15_Plate01_G07_ATCCTGTC_L001_EpiAge7680399Aligned.out_counts.txt,NveCD4T,36,old
lane1_B15_Plate01_G08_ACGGTACA_L001_EpiAge7680407Aligned.out_counts.txt,BCell,36,Y
lane1_B15_Plate01_G09_ACCATGCT_L001_EpiAge7680415Aligned.out_counts.txt,BCell,36,Y
lane1_B15_Plate01_G10_ATGTAGCG_L001_EpiAge7680423Aligned.out_counts.txt,BCell,36,Y
lane1_B15_Plate01_G11_CCACTAAA_L001_EpiAge7680431Aligned.out_counts.txt,EffCD4T,36,Y
lane1_B15_Plate01_G12_ATATTCGG_L001_EpiAge7680439Aligned.out_counts.txt,BCell,36,Y
lane1_B15_Plate01_H02_ATAATGGG_L001_EpiAge7680360Aligned.out_counts.txt,BCell,36,Y
lane1_B15_Plate01_H03_CAGTCATG_L001_EpiAge7680368Aligned.out_counts.txt,RegT,36,old
lane1_B15_Plate01_H04_GTGGGGTT_L001_EpiAge7680376Aligned.out_counts.txt,BCell,36,Y
lane1_B15_Plate01_H05_GAAGACAG_L001_EpiAge7680384Aligned.out_counts.txt,BCell,36,NA
lane1_B15_Plate01_H06_TTTCGGCC_L001_EpiAge7680392Aligned.out_counts.txt,Mono,36,old
lane1_B15_Plate01_H07_TCCTACTC_L001_EpiAge7680400Aligned.out_counts.txt,BCell,36,old
lane1_B15_Plate01_H08_AAGAAACC_L001_EpiAge7680408Aligned.out_counts.txt,BCell,36,old
lane1_B15_Plate01_H09_GTGATTTA_L001_EpiAge7680416Aligned.out_counts.txt,BCell,36,Y
lane1_B15_Plate01_H10_AATGCCTC_L001_EpiAge7680424Aligned.out_counts.txt,BCell,36,NA
lane1_B15_Plate01_H11_GGGAGAGC_L001_EpiAge7680432Aligned.out_counts.txt,MemCD8T,36,Y
lane1_B22_Plate01_A01_GAGGCCTC_L001_EpiAge7680153Aligned.out_counts.txt,EffCD4T,36,Y
lane1_B22_Plate01_A02_GTCCTATT_L001_EpiAge7680161Aligned.out_counts.txt,BCell,77,Y
lane1_B22_Plate01_A03_CAATGCAG_L001_EpiAge7680169Aligned.out_counts.txt,Baso,77,NA
lane1_B22_Plate01_A04_CACTGCTT_L001_EpiAge7680177Aligned.out_counts.txt,BCell,77,old
lane1_B22_Plate01_A05_CGTACACA_L001_EpiAge7680185Aligned.out_counts.txt,BCell,77,Y
lane1_B22_Plate01_A06_GCAAAAGC_L001_EpiAge7680193Aligned.out_counts.txt,BCell,77,Y
lane1_B22_Plate01_A07_GCCCCTAC_L001_EpiAge7680201Aligned.out_counts.txt,BCell,77,old
lane1_B22_Plate01_A08_AGTACTCC_L001_EpiAge7680209Aligned.out_counts.txt,NA,77,NA
lane1_B22_Plate01_A09_GTCTAAGA_L001_EpiAge7680217Aligned.out_counts.txt,BCell,77,Y
lane1_B22_Plate01_A10_GATGTGTA_L001_EpiAge7680225Aligned.out_counts.txt,MemCD8T,77,old
lane1_B22_Plate01_A11_ATTCAGTT_L001_EpiAge7680233Aligned.out_counts.txt,NveCD4T,77,old
lane1_B22_Plate01_A12_AAACGTGG_L001_EpiAge7680241Aligned.out_counts.txt,MemCD8T,77,old
lane1_B22_Plate01_B01_CGGGCTTA_L001_EpiAge7680154Aligned.out_counts.txt,BCell,77,Y
lane1_B22_Plate01_B02_CATCACCT_L001_EpiAge7680162Aligned.out_counts.txt,NveCD8TT,77,Y
lane1_B22_Plate01_B03_TGCCCGTA_L001_EpiAge7680170Aligned.out_counts.txt,BCell,77,Y
lane1_B22_Plate01_B04_ATAAGTCA_L001_EpiAge7680178Aligned.out_counts.txt,EffCD4T,77,old
lane1_B22_Plate01_B05_CCAAAGGA_L001_EpiAge7680186Aligned.out_counts.txt,Mono,77,Y
lane1_B22_Plate01_B06_TTGCTTGG_L001_EpiAge7680194Aligned.out_counts.txt,MemCD8T,77,old
lane1_B22_Plate01_B07_GATGCGTG_L001_EpiAge7680202Aligned.out_counts.txt,BCell,77,Y
lane1_B22_Plate01_B08_ATCAAGCC_L001_EpiAge7680210Aligned.out_counts.txt,NveCD4T,77,old
lane1_B22_Plate01_B09_CTCCCAGC_L001_EpiAge7680218Aligned.out_counts.txt,BCell,77,old
lane1_B22_Plate01_B10_GTAACACC_L001_EpiAge7680226Aligned.out_counts.txt,NveCD4T,77,Y
lane1_B22_Plate01_B11_TGTCCCGA_L001_EpiAge7680234Aligned.out_counts.txt,MemCD8T,77,Y
lane1_B22_Plate01_B12_TCTGATCG_L001_EpiAge7680242Aligned.out_counts.txt,BCell,77,Y
lane1_B22_Plate01_C01_ACCGTCGG_L001_EpiAge7680155Aligned.out_counts.txt,BCell,77,old
lane1_B22_Plate01_C02_GTTGATGA_L001_EpiAge7680163Aligned.out_counts.txt,BCell,77,NA
lane1_B22_Plate01_C03_AGACAGCA_L001_EpiAge7680171Aligned.out_counts.txt,Mono,77,old
lane1_B22_Plate01_C04_TCAATATC_L001_EpiAge7680179Aligned.out_counts.txt,BCell,77,old
lane1_B22_Plate01_C05_ACAATATG_L001_EpiAge7680187Aligned.out_counts.txt,BCell,77,Y
lane1_B22_Plate01_C06_CTCCAATC_L001_EpiAge7680195Aligned.out_counts.txt,NveCD4T,77,old
lane1_B22_Plate01_C07_GGATAAAG_L001_EpiAge7680203Aligned.out_counts.txt,Baso,77,NA
lane1_B22_Plate01_C08_ACTACTAT_L001_EpiAge7680211Aligned.out_counts.txt,Mono,77,Y
lane1_B22_Plate01_C09_TAAGCTAC_L001_EpiAge7680219Aligned.out_counts.txt,BCell,77,Y
lane1_B22_Plate01_C10_AACCCGCA_L001_EpiAge7680227Aligned.out_counts.txt,NveCD8TT,77,old
lane1_B22_Plate01_C11_ACGATCAG_L001_EpiAge7680235Aligned.out_counts.txt,MemCD8T,77,Y
lane1_B22_Plate01_C12_AATCCCAC_L001_EpiAge7680243Aligned.out_counts.txt,MemCD8T,77,old
lane1_B22_Plate01_D01_TGTTACTG_L001_EpiAge7680156Aligned.out_counts.txt,EffCD4T,77,old
lane1_B22_Plate01_D02_CCCAGATC_L001_EpiAge7680164Aligned.out_counts.txt,BCell,77,Y
lane1_B22_Plate01_D04_AGTTGCCG_L001_EpiAge7680180Aligned.out_counts.txt,MemCD8T,77,Y
lane1_B22_Plate01_D05_TGGGTACT_L001_EpiAge7680188Aligned.out_counts.txt,EffCD4T,77,old
lane1_B22_Plate01_D06_ACCCTTCT_L001_EpiAge7680196Aligned.out_counts.txt,BCell,77,old
lane1_B22_Plate01_D07_GTGGGCGT_L001_EpiAge7680204Aligned.out_counts.txt,MemCD8T,77,old
lane1_B22_Plate01_D08_GTTCCGGT_L001_EpiAge7680212Aligned.out_counts.txt,BCell,77,Y
lane1_B22_Plate01_D09_GTTGGATT_L001_EpiAge7680220Aligned.out_counts.txt,NveCD8TT,77,Y
lane1_B22_Plate01_D10_GGAGAACA_L001_EpiAge7680228Aligned.out_counts.txt,BCell,77,old
lane1_B22_Plate01_D11_ATCAGAGT_L001_EpiAge7680236Aligned.out_counts.txt,BCell,77,old
lane1_B22_Plate01_D12_TCTGTATG_L001_EpiAge7680244Aligned.out_counts.txt,EffCD4T,77,Y
lane1_B22_Plate01_E01_CAGTCAAC_L001_EpiAge7680157Aligned.out_counts.txt,EffCD4T,77,Y
lane1_B22_Plate01_E02_CCTGCAAG_L001_EpiAge7680165Aligned.out_counts.txt,BCell,77,Y
lane1_B22_Plate01_E03_TTCTGGTG_L001_EpiAge7680173Aligned.out_counts.txt,MemCD8T,77,old
lane1_B22_Plate01_E04_AGGCACGC_L001_EpiAge7680181Aligned.out_counts.txt,NveCD8TT,77,old
lane1_B22_Plate01_E05_ACGGGCAA_L001_EpiAge7680189Aligned.out_counts.txt,MemCD8T,77,old
lane1_B22_Plate01_E06_CTCTCGGC_L001_EpiAge7680197Aligned.out_counts.txt,BCell,77,old
lane1_B22_Plate01_E07_ACAGAGTG_L001_EpiAge7680205Aligned.out_counts.txt,BCell,77,Y
lane1_B22_Plate01_E08_CTAACGAA_L001_EpiAge7680213Aligned.out_counts.txt,MemCD8T,77,old
lane1_B22_Plate01_E09_CCGCACTA_L001_EpiAge7680221Aligned.out_counts.txt,BCell,77,Y
lane1_B22_Plate01_E10_CTTATCTG_L001_EpiAge7680229Aligned.out_counts.txt,BCell,77,Y
lane1_B22_Plate01_E11_TCTGAATA_L001_EpiAge7680237Aligned.out_counts.txt,Mono,77,old
lane1_B22_Plate01_E12_CTCGCTTT_L001_EpiAge7680245Aligned.out_counts.txt,NveCD8TT,77,Y
lane1_B22_Plate01_F01_ACGCTTGA_L001_EpiAge7680158Aligned.out_counts.txt,NveCD8TT,77,old
lane1_B22_Plate01_F02_TCCGAAGC_L001_EpiAge7680166Aligned.out_counts.txt,BCell,77,Y
lane1_B22_Plate01_F03_TGAGCGGA_L001_EpiAge7680174Aligned.out_counts.txt,NveCD4T,77,old
lane1_B22_Plate01_F04_TGATGCGA_L001_EpiAge7680182Aligned.out_counts.txt,BCell,77,old
lane1_B22_Plate01_F05_TAGCCCCT_L001_EpiAge7680190Aligned.out_counts.txt,NK,77,old
lane1_B22_Plate01_F06_CCGAGTTA_L001_EpiAge7680198Aligned.out_counts.txt,BCell,77,old
lane1_B22_Plate01_F07_CATAGTTG_L001_EpiAge7680206Aligned.out_counts.txt,BCell,77,Y
lane1_B22_Plate01_F08_CTATCCAT_L001_EpiAge7680214Aligned.out_counts.txt,NveCD8TT,77,old
lane1_B22_Plate01_F09_GTCGGAAA_L001_EpiAge7680222Aligned.out_counts.txt,BCell,77,Y
lane1_B22_Plate01_F10_TGAGTCCC_L001_EpiAge7680230Aligned.out_counts.txt,NveCD8TT,77,old
lane1_B22_Plate01_F11_TCTTACAT_L001_EpiAge7680238Aligned.out_counts.txt,NA,77,NA
lane1_B22_Plate01_F12_ACTGCCTG_L001_EpiAge7680246Aligned.out_counts.txt,BCell,77,old
lane1_B22_Plate01_G01_AAGGATAC_L001_EpiAge7680159Aligned.out_counts.txt,BCell,77,old
lane1_B22_Plate01_G02_ATAGCTGA_L001_EpiAge7680167Aligned.out_counts.txt,BCell,77,old
lane1_B22_Plate01_G03_CGCAGTAC_L001_EpiAge7680175Aligned.out_counts.txt,BCell,77,Y
lane1_B22_Plate01_G04_ATACACCC_L001_EpiAge7680183Aligned.out_counts.txt,MemCD8T,77,Y
lane1_B22_Plate01_G05_CGGAGCGT_L001_EpiAge7680191Aligned.out_counts.txt,BCell,77,old
lane1_B22_Plate01_G06_CGCCATAA_L001_EpiAge7680199Aligned.out_counts.txt,MemCD8T,77,old
lane1_B22_Plate01_G07_ACCTGAGA_L001_EpiAge7680207Aligned.out_counts.txt,Mono,77,old
lane1_B22_Plate01_G08_TACCCACC_L001_EpiAge7680215Aligned.out_counts.txt,BCell,77,Y
lane1_B22_Plate01_G09_TTCCATGT_L001_EpiAge7680223Aligned.out_counts.txt,BCell,77,Y
lane1_B22_Plate01_G10_TTGTATTC_L001_EpiAge7680231Aligned.out_counts.txt,NveCD4T,77,old
lane1_B22_Plate01_G11_GAGGGAGC_L001_EpiAge7680239Aligned.out_counts.txt,BCell,77,Y
lane1_B22_Plate01_G12_AGTTCGCA_L001_EpiAge7680247Aligned.out_counts.txt,BCell,77,Y
lane1_B22_Plate01_H02_TAGGGGAC_L001_EpiAge7680168Aligned.out_counts.txt,BCell,77,old
lane1_B22_Plate01_H03_GCATGGAC_L001_EpiAge7680176Aligned.out_counts.txt,BCell,77,old
lane1_B22_Plate01_H04_CTTGCCAC_L001_EpiAge7680184Aligned.out_counts.txt,BCell,77,old
lane1_B22_Plate01_H05_TCTCTGGT_L001_EpiAge7680192Aligned.out_counts.txt,BCell,77,old
lane1_B22_Plate01_H06_TGTCGAGG_L001_EpiAge7680200Aligned.out_counts.txt,MemCD8T,77,old
lane1_B22_Plate01_H07_CGTCGACA_L001_EpiAge7680208Aligned.out_counts.txt,NveCD4T,77,old
lane1_B22_Plate01_H08_CTCATCTT_L001_EpiAge7680216Aligned.out_counts.txt,NveCD4T,77,old
lane1_B22_Plate01_H09_CTAACGGT_L001_EpiAge7680224Aligned.out_counts.txt,NveCD8TT,77,old
lane1_B22_Plate01_H10_AGGGAGGG_L001_EpiAge7680232Aligned.out_counts.txt,EffCD4T,77,old
lane1_B22_Plate01_H11_ACCACCCT_L001_EpiAge7680240Aligned.out_counts.txt,BCell,77,Y
lane1_B23_Plate01_A01_CGGCAAAC_L001_EpiAge7680057Aligned.out_counts.txt,BCell,77,old
lane1_B23_Plate01_A02_GTCATAAG_L001_EpiAge7680065Aligned.out_counts.txt,EffCD4T,77,old
lane1_B23_Plate01_A03_GTAGTCGT_L001_EpiAge7680073Aligned.out_counts.txt,EffCD4T,77,old
lane1_B23_Plate01_A04_TAATCGTG_L001_EpiAge7680081Aligned.out_counts.txt,BCell,77,Y
lane1_B23_Plate01_A05_AGACTCAG_L001_EpiAge7680089Aligned.out_counts.txt,BCell,77,old
lane1_B23_Plate01_A06_TATTCCGC_L001_EpiAge7680097Aligned.out_counts.txt,BCell,77,old
lane1_B23_Plate01_A07_CCGTTTTC_L001_EpiAge7680105Aligned.out_counts.txt,BCell,77,old
lane1_B23_Plate01_A08_TACCCTTT_L001_EpiAge7680113Aligned.out_counts.txt,EffCD4T,77,old
lane1_B23_Plate01_A09_TAAAGGCG_L001_EpiAge7680121Aligned.out_counts.txt,BCell,77,Y
lane1_B23_Plate01_A10_AGACTATC_L001_EpiAge7680129Aligned.out_counts.txt,BCell,77,Y
lane1_B23_Plate01_A11_GATATCTC_L001_EpiAge7680137Aligned.out_counts.txt,NK,77,old
lane1_B23_Plate01_A12_TTGATCCT_L001_EpiAge7680145Aligned.out_counts.txt,MemCD8T,77,old
lane1_B23_Plate01_B01_CCTGATGG_L001_EpiAge7680058Aligned.out_counts.txt,EffCD4T,77,old
lane1_B23_Plate01_B02_TCCAAAAG_L001_EpiAge7680066Aligned.out_counts.txt,MemCD8T,77,old
lane1_B23_Plate01_B03_GCGCGATA_L001_EpiAge7680074Aligned.out_counts.txt,BCell,77,old
lane1_B23_Plate01_B04_ATTACCTT_L001_EpiAge7680082Aligned.out_counts.txt,BCell,77,Y
lane1_B23_Plate01_B05_GCGAGGTT_L001_EpiAge7680090Aligned.out_counts.txt,BCell,77,old
lane1_B23_Plate01_B06_ATAGAAAC_L001_EpiAge7680098Aligned.out_counts.txt,BCell,77,Y
lane1_B23_Plate01_B07_ACCGCGTC_L001_EpiAge7680106Aligned.out_counts.txt,BCell,77,old
lane1_B23_Plate01_B08_CCGAAGAA_L001_EpiAge7680114Aligned.out_counts.txt,BCell,77,Y
lane1_B23_Plate01_B09_CTGTGGGA_L001_EpiAge7680122Aligned.out_counts.txt,BCell,77,old
lane1_B23_Plate01_B10_TACTTTTC_L001_EpiAge7680130Aligned.out_counts.txt,BCell,77,old
lane1_B23_Plate01_B11_CGAGCACT_L001_EpiAge7680138Aligned.out_counts.txt,NveCD4T,77,old
lane1_B23_Plate01_B12_GAGCATAG_L001_EpiAge7680146Aligned.out_counts.txt,NveCD8TT,77,old
lane1_B23_Plate01_C01_GAGACGTG_L001_EpiAge7680059Aligned.out_counts.txt,BCell,77,Y
lane1_B23_Plate01_C02_GTTCTTTC_L001_EpiAge7680067Aligned.out_counts.txt,Neut,77,NA
lane1_B23_Plate01_C03_CTAGGCTC_L001_EpiAge7680075Aligned.out_counts.txt,BCell,77,Y
lane1_B23_Plate01_C04_ACCGATGT_L001_EpiAge7680083Aligned.out_counts.txt,BCell,77,Y
lane1_B23_Plate01_C05_ACTGGGAC_L001_EpiAge7680091Aligned.out_counts.txt,BCell,77,old
lane1_B23_Plate01_C06_CATTGTCT_L001_EpiAge7680099Aligned.out_counts.txt,BCell,77,Y
lane1_B23_Plate01_C07_TAGATAGG_L001_EpiAge7680107Aligned.out_counts.txt,BCell,77,Y
lane1_B23_Plate01_C08_CGCGTCTC_L001_EpiAge7680115Aligned.out_counts.txt,BCell,77,old
lane1_B23_Plate01_C09_ACACGTCG_L001_EpiAge7680123Aligned.out_counts.txt,MemCD8T,77,old
lane1_B23_Plate01_C10_CAGTATCG_L001_EpiAge7680131Aligned.out_counts.txt,BCell,77,Y
lane1_B23_Plate01_C11_GACATGAT_L001_EpiAge7680139Aligned.out_counts.txt,BCell,77,Y
lane1_B23_Plate01_C12_GGGCTACG_L001_EpiAge7680147Aligned.out_counts.txt,MemCD8T,77,old
lane1_B23_Plate01_D01_ATGTACGA_L001_EpiAge7680060Aligned.out_counts.txt,BCell,77,old
lane1_B23_Plate01_D02_CAGACCAA_L001_EpiAge7680068Aligned.out_counts.txt,BCell,77,Y
lane1_B23_Plate01_D03_GACTACAA_L001_EpiAge7680076Aligned.out_counts.txt,BCell,77,old
lane1_B23_Plate01_D04_GATGTAGG_L001_EpiAge7680084Aligned.out_counts.txt,MemCD8T,77,old
lane1_B23_Plate01_D05_CACTGAAC_L001_EpiAge7680092Aligned.out_counts.txt,NveCD4T,77,old
lane1_B23_Plate01_D06_GATTACCA_L001_EpiAge7680100Aligned.out_counts.txt,MemCD8T,77,old
lane1_B23_Plate01_D07_TGATTTCT_L001_EpiAge7680108Aligned.out_counts.txt,MemCD8T,77,old
lane1_B23_Plate01_D08_ATGGATTA_L001_EpiAge7680116Aligned.out_counts.txt,BCell,77,old
lane1_B23_Plate01_D09_TAAATCGT_L001_EpiAge7680124Aligned.out_counts.txt,EffCD4T,77,old
lane1_B23_Plate01_D10_GGACTAAC_L001_EpiAge7680132Aligned.out_counts.txt,MemCD8T,77,Y
lane1_B23_Plate01_D11_TCAAGTCC_L001_EpiAge7680140Aligned.out_counts.txt,BCell,77,Y
lane1_B23_Plate01_D12_CGGGAAAT_L001_EpiAge7680148Aligned.out_counts.txt,BCell,77,old
lane1_B23_Plate01_E01_ACCCCCAG_L001_EpiAge7680061Aligned.out_counts.txt,EffCD4T,77,Y
lane1_B23_Plate01_E02_CGATGACG_L001_EpiAge7680069Aligned.out_counts.txt,NK,77,old
lane1_B23_Plate01_E03_CGTCAAGG_L001_EpiAge7680077Aligned.out_counts.txt,NveCD8TT,77,old
lane1_B23_Plate01_E04_CTAAGCTT_L001_EpiAge7680085Aligned.out_counts.txt,BCell,77,old
lane1_B23_Plate01_E05_AGAAACCA_L001_EpiAge7680093Aligned.out_counts.txt,BCell,77,old
lane1_B23_Plate01_E06_TTGCCGAC_L001_EpiAge7680101Aligned.out_counts.txt,BCell,77,Y
lane1_B23_Plate01_E07_CGAGGCAG_L001_EpiAge7680109Aligned.out_counts.txt,Mono,77,Y
lane1_B23_Plate01_E08_CGAAAAAC_L001_EpiAge7680117Aligned.out_counts.txt,MemCD4T,77,old
lane1_B23_Plate01_E09_TGATGGAT_L001_EpiAge7680125Aligned.out_counts.txt,MemCD8T,77,old
lane1_B23_Plate01_E10_TGGAAACG_L001_EpiAge7680133Aligned.out_counts.txt,BCell,77,old
lane1_B23_Plate01_E11_GGTCCTAG_L001_EpiAge7680141Aligned.out_counts.txt,BCell,77,Y
lane1_B23_Plate01_E12_AATCGATG_L001_EpiAge7680149Aligned.out_counts.txt,BCell,77,Y
lane1_B23_Plate01_F01_CACCCAAA_L001_EpiAge7680062Aligned.out_counts.txt,NveCD4T,77,old
lane1_B23_Plate01_F02_AAGAGTGC_L001_EpiAge7680070Aligned.out_counts.txt,BCell,77,Y
lane1_B23_Plate01_F03_GTACAAGA_L001_EpiAge7680078Aligned.out_counts.txt,EffCD4T,77,old
lane1_B23_Plate01_F04_ATCCGCAA_L001_EpiAge7680086Aligned.out_counts.txt,EffCD4T,77,old
lane1_B23_Plate01_F05_GGCCCAAA_L001_EpiAge7680094Aligned.out_counts.txt,NA,77,NA
lane1_B23_Plate01_F06_TAGTAGAG_L001_EpiAge7680102Aligned.out_counts.txt,BCell,77,Y
lane1_B23_Plate01_F07_ATTTTGCA_L001_EpiAge7680110Aligned.out_counts.txt,NK,77,old
lane1_B23_Plate01_F08_TCGGGAAT_L001_EpiAge7680118Aligned.out_counts.txt,R,77,old
lane1_B23_Plate01_F09_GGCGGAAG_L001_EpiAge7680126Aligned.out_counts.txt,MemCD8T,77,old
lane1_B23_Plate01_F10_TTAGTCAA_L001_EpiAge7680134Aligned.out_counts.txt,BCell,77,Y
lane1_B23_Plate01_F11_GTTCAAAG_L001_EpiAge7680142Aligned.out_counts.txt,Mono,77,old
lane1_B23_Plate01_F12_CAGCACGG_L001_EpiAge7680150Aligned.out_counts.txt,BCell,77,Y
lane1_B23_Plate01_G01_TGCAGAGG_L001_EpiAge7680063Aligned.out_counts.txt,NveCD8TT,77,Y
lane1_B23_Plate01_G02_TGTCGCAC_L001_EpiAge7680071Aligned.out_counts.txt,NveCD8TT,77,Y
lane1_B23_Plate01_G03_GACCCAGA_L001_EpiAge7680079Aligned.out_counts.txt,BCell,77,Y
lane1_B23_Plate01_G04_TGCATGCC_L001_EpiAge7680087Aligned.out_counts.txt,EffCD4T,77,old
lane1_B23_Plate01_G05_AGCTTCCA_L001_EpiAge7680095Aligned.out_counts.txt,BCell,77,old
lane1_B23_Plate01_G06_ATGATGTC_L001_EpiAge7680103Aligned.out_counts.txt,MemCD8T,77,old
lane1_B23_Plate01_G07_ACAGGGCA_L001_EpiAge7680111Aligned.out_counts.txt,MemCD8T,77,old
lane1_B23_Plate01_G08_CAGGTCGT_L001_EpiAge7680119Aligned.out_counts.txt,BCell,77,old
lane1_B23_Plate01_G09_CCTGCGTT_L001_EpiAge7680127Aligned.out_counts.txt,BCell,77,old
lane1_B23_Plate01_G10_GGCACTTC_L001_EpiAge7680135Aligned.out_counts.txt,BCell,77,Y
lane1_B23_Plate01_G11_GCTATTGT_L001_EpiAge7680143Aligned.out_counts.txt,BCell,77,Y
lane1_B23_Plate01_G12_TATACTCA_L001_EpiAge7680151Aligned.out_counts.txt,EffCD4T,77,Y
lane1_B23_Plate01_H02_AAAGTGAT_L001_EpiAge7680072Aligned.out_counts.txt,NA,77,NA
lane1_B23_Plate01_H03_GGACTTGT_L001_EpiAge7680080Aligned.out_counts.txt,EffCD4T,77,Y
lane1_B23_Plate01_H04_TACCTAAG_L001_EpiAge7680088Aligned.out_counts.txt,BCell,77,Y
lane1_B23_Plate01_H05_CTGGCCTG_L001_EpiAge7680096Aligned.out_counts.txt,BCell,77,Y
lane1_B23_Plate01_H06_TTCACCTG_L001_EpiAge7680104Aligned.out_counts.txt,BCell,77,Y
lane1_B23_Plate01_H07_ATTACTGT_L001_EpiAge7680112Aligned.out_counts.txt,BCell,77,old
lane1_B23_Plate01_H08_TTTCCTCT_L001_EpiAge7680120Aligned.out_counts.txt,NK,77,Y
lane1_B23_Plate01_H09_GCATATCA_L001_EpiAge7680128Aligned.out_counts.txt,BCell,77,old
lane1_B23_Plate01_H10_CGCGTACA_L001_EpiAge7680136Aligned.out_counts.txt,BCell,77,old
lane1_B23_Plate01_H11_CCGAAAGT_L001_EpiAge7680144Aligned.out_counts.txt,NveCD4T,77,old
lane1_B24_Plate01_A01_TTCTTAGC_L001_EpiAge7679961Aligned.out_counts.txt,BCell,77,Y
lane1_B24_Plate01_A02_AGGATCTC_L001_EpiAge7679969Aligned.out_counts.txt,NveCD8TT,10,Y
lane1_B24_Plate01_A03_CTTATTCC_L001_EpiAge7679977Aligned.out_counts.txt,BCell,10,Y
lane1_B24_Plate01_A04_ACTTTACT_L001_EpiAge7679985Aligned.out_counts.txt,NA,10,NA
lane1_B24_Plate01_A05_GGTGTCGA_L001_EpiAge7679993Aligned.out_counts.txt,NveCD8TT,10,old
lane1_B24_Plate01_A06_ACCTCTAC_L001_EpiAge7680001Aligned.out_counts.txt,BCell,10,Y
lane1_B24_Plate01_A07_TAACAACT_L001_EpiAge7680009Aligned.out_counts.txt,BCell,10,Y
lane1_B24_Plate01_A08_ATCCCCTA_L001_EpiAge7680017Aligned.out_counts.txt,BCell,10,Y
lane1_B24_Plate01_A09_CTGACTAC_L001_EpiAge7680025Aligned.out_counts.txt,BCell,10,Y
lane1_B24_Plate01_A10_ACTGGTCG_L001_EpiAge7680033Aligned.out_counts.txt,NveCD4T,10,old
lane1_B24_Plate01_A11_GTATCGTC_L001_EpiAge7680041Aligned.out_counts.txt,BCell,10,Y
lane1_B24_Plate01_A12_CTGCCTAG_L001_EpiAge7680049Aligned.out_counts.txt,NveCD4T,10,Y
lane1_B24_Plate01_B01_TGAGTAAG_L001_EpiAge7679962Aligned.out_counts.txt,NveCD8TT,10,Y
lane1_B24_Plate01_B02_CTGTTTGA_L001_EpiAge7679970Aligned.out_counts.txt,NK,10,old
lane1_B24_Plate01_B03_CAGGCTCT_L001_EpiAge7679978Aligned.out_counts.txt,NveCD8TT,10,Y
lane1_B24_Plate01_B04_GGGTCCAT_L001_EpiAge7679986Aligned.out_counts.txt,BCell,10,Y
lane1_B24_Plate01_B05_CCGTTAGG_L001_EpiAge7679994Aligned.out_counts.txt,EffCD4T,10,Y
lane1_B24_Plate01_B06_GATTGCGT_L001_EpiAge7680002Aligned.out_counts.txt,NK,10,Y
lane1_B24_Plate01_B07_AGCTCTTT_L001_EpiAge7680010Aligned.out_counts.txt,NveCD4T,10,Y
lane1_B24_Plate01_B08_CATACTAC_L001_EpiAge7680018Aligned.out_counts.txt,BCell,10,old
lane1_B24_Plate01_B09_AACTTTTA_L001_EpiAge7680026Aligned.out_counts.txt,BCell,10,Y
lane1_B24_Plate01_B10_GACGATTG_L001_EpiAge7680034Aligned.out_counts.txt,BCell,10,Y
lane1_B24_Plate01_B11_GTCCTCAC_L001_EpiAge7680042Aligned.out_counts.txt,BCell,10,Y
lane1_B24_Plate01_B12_GAGCGCAT_L001_EpiAge7680050Aligned.out_counts.txt,BCell,10,Y
lane1_B24_Plate01_C01_AAGTGATA_L001_EpiAge7679963Aligned.out_counts.txt,EffCD4T,10,Y
lane1_B24_Plate01_C02_GGAATTTC_L001_EpiAge7679971Aligned.out_counts.txt,MemCD8T,10,Y
lane1_B24_Plate01_C03_AAAGCACG_L001_EpiAge7679979Aligned.out_counts.txt,RegT,10,old
lane1_B24_Plate01_C04_ATAACTAG_L001_EpiAge7679987Aligned.out_counts.txt,BCell,10,Y
lane1_B24_Plate01_C05_TGGCAAAA_L001_EpiAge7679995Aligned.out_counts.txt,MemCD8T,10,old
lane1_B24_Plate01_C06_GCTGGTTG_L001_EpiAge7680003Aligned.out_counts.txt,BCell,10,Y
lane1_B24_Plate01_C07_TAATCCCT_L001_EpiAge7680011Aligned.out_counts.txt,BCell,10,Y
lane1_B24_Plate01_C08_CAATTGTT_L001_EpiAge7680019Aligned.out_counts.txt,NveCD4T,10,Y
lane1_B24_Plate01_C09_AGGGATTC_L001_EpiAge7680027Aligned.out_counts.txt,BCell,10,Y
lane1_B24_Plate01_C10_AGCGATGA_L001_EpiAge7680035Aligned.out_counts.txt,NveCD4T,10,Y
lane1_B24_Plate01_C11_GTACGGAC_L001_EpiAge7680043Aligned.out_counts.txt,BCell,10,Y
lane1_B24_Plate01_C12_AACTTATC_L001_EpiAge7680051Aligned.out_counts.txt,BCell,10,Y
lane1_B24_Plate01_D01_TCGATGCG_L001_EpiAge7679964Aligned.out_counts.txt,NA,10,NA
lane1_B24_Plate01_D02_TTGGAGCA_L001_EpiAge7679972Aligned.out_counts.txt,BCell,10,Y
lane1_B24_Plate01_D03_GTATACAC_L001_EpiAge7679980Aligned.out_counts.txt,NveCD8TT,10,Y
lane1_B24_Plate01_D04_AATAGAGA_L001_EpiAge7679988Aligned.out_counts.txt,BCell,10,Y
lane1_B24_Plate01_D05_CCTACCCG_L001_EpiAge7679996Aligned.out_counts.txt,BCell,10,Y
lane1_B24_Plate01_D06_ATCGTCCT_L001_EpiAge7680004Aligned.out_counts.txt,BCell,10,Y
lane1_B24_Plate01_D07_AGGACACT_L001_EpiAge7680012Aligned.out_counts.txt,BCell,10,Y
lane1_B24_Plate01_D08_AAACCCGT_L001_EpiAge7680020Aligned.out_counts.txt,NveCD8TT,10,old
lane1_B24_Plate01_D09_CCGAGTAG_L001_EpiAge7680028Aligned.out_counts.txt,NA,10,NA
lane1_B24_Plate01_D10_GAAGAGAT_L001_EpiAge7680036Aligned.out_counts.txt,BCell,10,Y
lane1_B24_Plate01_D11_CATTTTGC_L001_EpiAge7680044Aligned.out_counts.txt,BCell,10,Y
lane1_B24_Plate01_D12_CCGATGTA_L001_EpiAge7680052Aligned.out_counts.txt,BCell,10,Y
lane1_B24_Plate01_E01_TATTCTGG_L001_EpiAge7679965Aligned.out_counts.txt,BCell,10,Y
lane1_B24_Plate01_E02_AAGGTCTG_L001_EpiAge7679973Aligned.out_counts.txt,BCell,10,Y
lane1_B24_Plate01_E03_GGACATAT_L001_EpiAge7679981Aligned.out_counts.txt,BCell,10,Y
lane1_B24_Plate01_E04_TCACCATT_L001_EpiAge7679989Aligned.out_counts.txt,BCell,10,Y
lane1_B24_Plate01_E05_AACAGCGC_L001_EpiAge7679997Aligned.out_counts.txt,BCell,10,Y
lane1_B24_Plate01_E06_GGACACGG_L001_EpiAge7680005Aligned.out_counts.txt,NK,10,Y
lane1_B24_Plate01_E07_TTACACTA_L001_EpiAge7680013Aligned.out_counts.txt,NveCD4T,10,Y
lane1_B24_Plate01_E08_CAGATTTC_L001_EpiAge7680021Aligned.out_counts.txt,BCell,10,Y
lane1_B24_Plate01_E09_GGGGACTA_L001_EpiAge7680029Aligned.out_counts.txt,BCell,10,Y
lane1_B24_Plate01_E10_CGTATGCA_L001_EpiAge7680037Aligned.out_counts.txt,BCell,10,Y
lane1_B24_Plate01_E11_TCCTCTCT_L001_EpiAge7680045Aligned.out_counts.txt,NA,10,NA
lane1_B24_Plate01_E12_TTACTACC_L001_EpiAge7680053Aligned.out_counts.txt,BCell,10,Y
lane1_B24_Plate01_F01_AGCCGTGA_L001_EpiAge7679966Aligned.out_counts.txt,MemCD8T,10,Y
lane1_B24_Plate01_F02_AATTAGGC_L001_EpiAge7679974Aligned.out_counts.txt,NveCD8TT,10,old
lane1_B24_Plate01_F03_CGGTTGGG_L001_EpiAge7679982Aligned.out_counts.txt,BCell,10,Y
lane1_B24_Plate01_F04_CGCCTGAT_L001_EpiAge7679990Aligned.out_counts.txt,BCell,10,Y
lane1_B24_Plate01_F05_TATACATC_L001_EpiAge7679998Aligned.out_counts.txt,NveCD8TT,10,Y
lane1_B24_Plate01_F06_CGCACCTA_L001_EpiAge7680006Aligned.out_counts.txt,BCell,10,Y
lane1_B24_Plate01_F07_AAACATCA_L001_EpiAge7680014Aligned.out_counts.txt,NveCD8TT,10,Y
lane1_B24_Plate01_F08_GCGTAGGT_L001_EpiAge7680022Aligned.out_counts.txt,NA,10,NA
lane1_B24_Plate01_F09_GGAGTTGA_L001_EpiAge7680030Aligned.out_counts.txt,BCell,10,Y
lane1_B24_Plate01_F10_CACGTGCG_L001_EpiAge7680038Aligned.out_counts.txt,NveCD8TT,10,Y
lane1_B24_Plate01_F11_AGCAACGA_L001_EpiAge7680046Aligned.out_counts.txt,BCell,10,Y
lane1_B24_Plate01_F12_CAAGGAGC_L001_EpiAge7680054Aligned.out_counts.txt,NK,10,Y
lane1_B24_Plate01_G01_AAGCCTTC_L001_EpiAge7679967Aligned.out_counts.txt,NA,10,NA
lane1_B24_Plate01_G02_AATCGGGT_L001_EpiAge7679975Aligned.out_counts.txt,BCell,10,Y
lane1_B24_Plate01_G03_GTCCGTGA_L001_EpiAge7679983Aligned.out_counts.txt,BCell,10,Y
lane1_B24_Plate01_G04_GCGTGAAC_L001_EpiAge7679991Aligned.out_counts.txt,BCell,10,Y
lane1_B24_Plate01_G05_AAGCGACT_L001_EpiAge7679999Aligned.out_counts.txt,BCell,10,Y
lane1_B24_Plate01_G06_CTTCGGCT_L001_EpiAge7680007Aligned.out_counts.txt,NveCD4T,10,Y
lane1_B24_Plate01_G07_CCATAGCT_L001_EpiAge7680015Aligned.out_counts.txt,BCell,10,Y
lane1_B24_Plate01_G08_GGCATTCG_L001_EpiAge7680023Aligned.out_counts.txt,BCell,10,Y
lane1_B24_Plate01_G09_AGCTCATC_L001_EpiAge7680031Aligned.out_counts.txt,EffCD4T,10,Y
lane1_B24_Plate01_G10_GCTTAAAC_L001_EpiAge7680039Aligned.out_counts.txt,NveCD8TT,10,old
lane1_B24_Plate01_G11_ACAGAAGA_L001_EpiAge7680047Aligned.out_counts.txt,BCell,10,Y
lane1_B24_Plate01_G12_TGGTTGAC_L001_EpiAge7680055Aligned.out_counts.txt,NveCD4T,10,old
lane1_B24_Plate01_H02_AGGTAGAC_L001_EpiAge7679976Aligned.out_counts.txt,NveCD8TT,10,Y
lane1_B24_Plate01_H03_GCCGAACC_L001_EpiAge7679984Aligned.out_counts.txt,BCell,10,Y
lane1_B24_Plate01_H04_TAAGGGTG_L001_EpiAge7679992Aligned.out_counts.txt,RegT,10,old
lane1_B24_Plate01_H05_GAAGCGCA_L001_EpiAge7680000Aligned.out_counts.txt,NveCD8TT,10,old
lane1_B24_Plate01_H06_CGAATCGA_L001_EpiAge7680008Aligned.out_counts.txt,BCell,10,Y
lane1_B24_Plate01_H07_GTTATGGC_L001_EpiAge7680016Aligned.out_counts.txt,BCell,10,Y
lane1_B24_Plate01_H08_TGGGGCTT_L001_EpiAge7680024Aligned.out_counts.txt,NveCD8TT,10,old
lane1_B24_Plate01_H09_TAATCAAC_L001_EpiAge7680032Aligned.out_counts.txt,NK,10,Y
lane1_B24_Plate01_H10_GTTCCGCA_L001_EpiAge7680040Aligned.out_counts.txt,NveCD4T,10,Y
lane1_B24_Plate01_H11_CGACCCTT_L001_EpiAge7680048Aligned.out_counts.txt,BCell,10,Y
lane2_B01_Plate01_A01_GGCGGAAG_L002_EpiAge7680921Aligned.out_counts.txt,MemCD8T,10,old
lane2_B01_Plate01_A02_TTAGTCAA_L002_EpiAge7680929Aligned.out_counts.txt,BCell,100,Y
lane2_B01_Plate01_A03_GTTCAAAG_L002_EpiAge7680937Aligned.out_counts.txt,BCell,100,old
lane2_B01_Plate01_A04_CAGCACGG_L002_EpiAge7680945Aligned.out_counts.txt,BCell,100,old
lane2_B01_Plate01_A05_ACGCTTGA_L002_EpiAge7680953Aligned.out_counts.txt,BCell,100,old
lane2_B01_Plate01_A06_TCCGAAGC_L002_EpiAge7680961Aligned.out_counts.txt,BCell,100,Y
lane2_B01_Plate01_A07_TGAGCGGA_L002_EpiAge7680969Aligned.out_counts.txt,BCell,100,Y
lane2_B01_Plate01_A08_TGATGCGA_L002_EpiAge7680977Aligned.out_counts.txt,BCell,100,Y
lane2_B01_Plate01_A09_TAGCCCCT_L002_EpiAge7680985Aligned.out_counts.txt,BCell,100,Y
lane2_B01_Plate01_A10_CCGAGTTA_L002_EpiAge7680993Aligned.out_counts.txt,BCell,100,Y
lane2_B01_Plate01_A11_CATAGTTG_L002_EpiAge7681001Aligned.out_counts.txt,BCell,100,Y
lane2_B01_Plate01_B01_CCTGCGTT_L002_EpiAge7680922Aligned.out_counts.txt,BCell,100,old
lane2_B01_Plate01_B02_GGCACTTC_L002_EpiAge7680930Aligned.out_counts.txt,BCell,100,Y
lane2_B01_Plate01_B03_GCTATTGT_L002_EpiAge7680938Aligned.out_counts.txt,BCell,100,Y
lane2_B01_Plate01_B04_TATACTCA_L002_EpiAge7680946Aligned.out_counts.txt,BCell,100,Y
lane2_B01_Plate01_B05_AAGGATAC_L002_EpiAge7680954Aligned.out_counts.txt,BCell,100,Y
lane2_B01_Plate01_B06_ATAGCTGA_L002_EpiAge7680962Aligned.out_counts.txt,BCell,100,Y
lane2_B01_Plate01_B07_CGCAGTAC_L002_EpiAge7680970Aligned.out_counts.txt,BCell,100,Y
lane2_B01_Plate01_B08_ATACACCC_L002_EpiAge7680978Aligned.out_counts.txt,NK,100,old
lane2_B01_Plate01_B09_CGGAGCGT_L002_EpiAge7680986Aligned.out_counts.txt,BCell,100,Y
lane2_B01_Plate01_B10_CGCCATAA_L002_EpiAge7680994Aligned.out_counts.txt,EffCD4T,100,old
lane2_B01_Plate01_B11_ACCTGAGA_L002_EpiAge7681002Aligned.out_counts.txt,NA,100,NA
lane2_B01_Plate01_B12_TACCCACC_L002_EpiAge7681010Aligned.out_counts.txt,BCell,100,Y
lane2_B01_Plate01_C01_GCATATCA_L002_EpiAge7680923Aligned.out_counts.txt,BCell,100,Y
lane2_B01_Plate01_C02_CGCGTACA_L002_EpiAge7680931Aligned.out_counts.txt,BCell,100,Y
lane2_B01_Plate01_C03_CCGAAAGT_L002_EpiAge7680939Aligned.out_counts.txt,BCell,100,Y
lane2_B01_Plate01_C04_CTGCTCCG_L002_EpiAge7680947Aligned.out_counts.txt,BCell,100,Y
lane2_B01_Plate01_C05_TTCATGGA_L002_EpiAge7680955Aligned.out_counts.txt,BCell,100,Y
lane2_B01_Plate01_C06_TAGGGGAC_L002_EpiAge7680963Aligned.out_counts.txt,BCell,100,Y
lane2_B01_Plate01_C07_GCATGGAC_L002_EpiAge7680971Aligned.out_counts.txt,BCell,100,Y
lane2_B01_Plate01_C08_CTTGCCAC_L002_EpiAge7680979Aligned.out_counts.txt,BCell,100,Y
lane2_B01_Plate01_C09_TCTCTGGT_L002_EpiAge7680987Aligned.out_counts.txt,BCell,100,Y
lane2_B01_Plate01_C10_TGTCGAGG_L002_EpiAge7680995Aligned.out_counts.txt,BCell,100,old
lane2_B01_Plate01_C11_CGTCGACA_L002_EpiAge7681003Aligned.out_counts.txt,BCell,100,Y
lane2_B01_Plate01_C12_CTCATCTT_L002_EpiAge7681011Aligned.out_counts.txt,BCell,100,Y
lane2_B01_Plate01_D01_AGACTATC_L002_EpiAge7680924Aligned.out_counts.txt,BCell,100,Y
lane2_B01_Plate01_D02_GATATCTC_L002_EpiAge7680932Aligned.out_counts.txt,BCell,100,Y
lane2_B01_Plate01_D03_TTGATCCT_L002_EpiAge7680940Aligned.out_counts.txt,BCell,100,old
lane2_B01_Plate01_D04_GAGGCCTC_L002_EpiAge7680948Aligned.out_counts.txt,BCell,100,old
lane2_B01_Plate01_D05_GTCCTATT_L002_EpiAge7680956Aligned.out_counts.txt,BCell,100,Y
lane2_B01_Plate01_D06_CAATGCAG_L002_EpiAge7680964Aligned.out_counts.txt,BCell,100,Y
lane2_B01_Plate01_D07_CACTGCTT_L002_EpiAge7680972Aligned.out_counts.txt,EffCD4T,100,old
lane2_B01_Plate01_D08_CGTACACA_L002_EpiAge7680980Aligned.out_counts.txt,BCell,100,Y
lane2_B01_Plate01_D09_GCAAAAGC_L002_EpiAge7680988Aligned.out_counts.txt,NA,100,NA
lane2_B01_Plate01_D10_GCCCCTAC_L002_EpiAge7680996Aligned.out_counts.txt,BCell,100,Y
lane2_B01_Plate01_D11_AGTACTCC_L002_EpiAge7681004Aligned.out_counts.txt,BCell,100,Y
lane2_B01_Plate01_D12_GTCTAAGA_L002_EpiAge7681012Aligned.out_counts.txt,BCell,100,Y
lane2_B01_Plate01_E01_TACTTTTC_L002_EpiAge7680925Aligned.out_counts.txt,MemCD8T,100,old
lane2_B01_Plate01_E02_CGAGCACT_L002_EpiAge7680933Aligned.out_counts.txt,BCell,100,old
lane2_B01_Plate01_E03_GAGCATAG_L002_EpiAge7680941Aligned.out_counts.txt,BCell,100,old
lane2_B01_Plate01_E04_CGGGCTTA_L002_EpiAge7680949Aligned.out_counts.txt,BCell,100,old
lane2_B01_Plate01_E05_CATCACCT_L002_EpiAge7680957Aligned.out_counts.txt,BCell,100,Y
lane2_B01_Plate01_E06_TGCCCGTA_L002_EpiAge7680965Aligned.out_counts.txt,BCell,100,Y
lane2_B01_Plate01_E07_ATAAGTCA_L002_EpiAge7680973Aligned.out_counts.txt,MemCD8T,100,old
lane2_B01_Plate01_E08_CCAAAGGA_L002_EpiAge7680981Aligned.out_counts.txt,BCell,100,Y
lane2_B01_Plate01_E09_TTGCTTGG_L002_EpiAge7680989Aligned.out_counts.txt,MemCD8T,100,old
lane2_B01_Plate01_E10_GATGCGTG_L002_EpiAge7680997Aligned.out_counts.txt,MemCD8T,100,old
lane2_B01_Plate01_E11_ATCAAGCC_L002_EpiAge7681005Aligned.out_counts.txt,BCell,100,Y
lane2_B01_Plate01_E12_CTCCCAGC_L002_EpiAge7681013Aligned.out_counts.txt,BCell,100,Y
lane2_B01_Plate01_F01_CAGTATCG_L002_EpiAge7680926Aligned.out_counts.txt,BCell,100,Y
lane2_B01_Plate01_F02_GACATGAT_L002_EpiAge7680934Aligned.out_counts.txt,BCell,100,Y
lane2_B01_Plate01_F03_GGGCTACG_L002_EpiAge7680942Aligned.out_counts.txt,BCell,100,old
lane2_B01_Plate01_F04_ACCGTCGG_L002_EpiAge7680950Aligned.out_counts.txt,BCell,100,Y
lane2_B01_Plate01_F05_GTTGATGA_L002_EpiAge7680958Aligned.out_counts.txt,BCell,100,Y
lane2_B01_Plate01_F06_AGACAGCA_L002_EpiAge7680966Aligned.out_counts.txt,BCell,100,old
lane2_B01_Plate01_F07_TCAATATC_L002_EpiAge7680974Aligned.out_counts.txt,BCell,100,old
lane2_B01_Plate01_F08_ACAATATG_L002_EpiAge7680982Aligned.out_counts.txt,NA,100,NA
lane2_B01_Plate01_F09_CTCCAATC_L002_EpiAge7680990Aligned.out_counts.txt,NA,100,NA
lane2_B01_Plate01_F10_GGATAAAG_L002_EpiAge7680998Aligned.out_counts.txt,MemCD8T,100,old
lane2_B01_Plate01_F11_ACTACTAT_L002_EpiAge7681006Aligned.out_counts.txt,BCell,100,old
lane2_B01_Plate01_F12_TAAGCTAC_L002_EpiAge7681014Aligned.out_counts.txt,BCell,100,old
lane2_B01_Plate01_G01_GGACTAAC_L002_EpiAge7680927Aligned.out_counts.txt,BCell,100,Y
lane2_B01_Plate01_G02_TCAAGTCC_L002_EpiAge7680935Aligned.out_counts.txt,BCell,100,Y
lane2_B01_Plate01_G03_CGGGAAAT_L002_EpiAge7680943Aligned.out_counts.txt,BCell,100,old
lane2_B01_Plate01_G04_TGTTACTG_L002_EpiAge7680951Aligned.out_counts.txt,MemCD8T,100,Y
lane2_B01_Plate01_G05_CCCAGATC_L002_EpiAge7680959Aligned.out_counts.txt,BCell,100,Y
lane2_B01_Plate01_G06_CATCGCGC_L002_EpiAge7680967Aligned.out_counts.txt,BCell,100,Y
lane2_B01_Plate01_G07_AGTTGCCG_L002_EpiAge7680975Aligned.out_counts.txt,BCell,100,Y
lane2_B01_Plate01_G08_TGGGTACT_L002_EpiAge7680983Aligned.out_counts.txt,BCell,100,Y
lane2_B01_Plate01_G09_ACCCTTCT_L002_EpiAge7680991Aligned.out_counts.txt,BCell,100,Y
lane2_B01_Plate01_G10_GTGGGCGT_L002_EpiAge7680999Aligned.out_counts.txt,BCell,100,Y
lane2_B01_Plate01_G11_GTTCCGGT_L002_EpiAge7681007Aligned.out_counts.txt,BCell,100,Y
lane2_B01_Plate01_H01_TGGAAACG_L002_EpiAge7680928Aligned.out_counts.txt,EffCD4T,100,old
lane2_B01_Plate01_H02_GGTCCTAG_L002_EpiAge7680936Aligned.out_counts.txt,BCell,100,Y
lane2_B01_Plate01_H03_AATCGATG_L002_EpiAge7680944Aligned.out_counts.txt,BCell,100,Y
lane2_B01_Plate01_H04_CAGTCAAC_L002_EpiAge7680952Aligned.out_counts.txt,BCell,100,Y
lane2_B01_Plate01_H05_CCTGCAAG_L002_EpiAge7680960Aligned.out_counts.txt,BCell,100,Y
lane2_B01_Plate01_H06_TTCTGGTG_L002_EpiAge7680968Aligned.out_counts.txt,BCell,100,Y
lane2_B01_Plate01_H07_AGGCACGC_L002_EpiAge7680976Aligned.out_counts.txt,BCell,100,old
lane2_B01_Plate01_H08_ACGGGCAA_L002_EpiAge7680984Aligned.out_counts.txt,BCell,100,Y
lane2_B01_Plate01_H09_CTCTCGGC_L002_EpiAge7680992Aligned.out_counts.txt,BCell,100,Y
lane2_B01_Plate01_H10_ACAGAGTG_L002_EpiAge7681000Aligned.out_counts.txt,BCell,100,old
lane2_B01_Plate01_H11_CTAACGAA_L002_EpiAge7681008Aligned.out_counts.txt,BCell,100,old
lane2_B02_Plate01_A01_GGAGTTGA_L002_EpiAge7680825Aligned.out_counts.txt,MemCD8T,100,old
lane2_B02_Plate01_A02_CACGTGCG_L002_EpiAge7680833Aligned.out_counts.txt,BCell,100,Y
lane2_B02_Plate01_A03_AGCAACGA_L002_EpiAge7680841Aligned.out_counts.txt,RegT,100,old
lane2_B02_Plate01_A04_CAAGGAGC_L002_EpiAge7680849Aligned.out_counts.txt,BCell,100,old
lane2_B02_Plate01_A05_CACCCAAA_L002_EpiAge7680857Aligned.out_counts.txt,MemCD8T,100,Y
lane2_B02_Plate01_A06_AAGAGTGC_L002_EpiAge7680865Aligned.out_counts.txt,NA,100,NA
lane2_B02_Plate01_A07_GTACAAGA_L002_EpiAge7680873Aligned.out_counts.txt,RegT,100,old
lane2_B02_Plate01_A08_ATCCGCAA_L002_EpiAge7680881Aligned.out_counts.txt,BCell,100,Y
lane2_B02_Plate01_A09_GGCCCAAA_L002_EpiAge7680889Aligned.out_counts.txt,NveCD8TT,100,old
lane2_B02_Plate01_A10_TAGTAGAG_L002_EpiAge7680897Aligned.out_counts.txt,NA,100,NA
lane2_B02_Plate01_A11_ATTTTGCA_L002_EpiAge7680905Aligned.out_counts.txt,BCell,100,old
lane2_B02_Plate01_B01_AGCTCATC_L002_EpiAge7680826Aligned.out_counts.txt,MemCD8T,100,old
lane2_B02_Plate01_B02_GCTTAAAC_L002_EpiAge7680834Aligned.out_counts.txt,BCell,100,Y
lane2_B02_Plate01_B03_ACAGAAGA_L002_EpiAge7680842Aligned.out_counts.txt,BCell,100,Y
lane2_B02_Plate01_B04_TGGTTGAC_L002_EpiAge7680850Aligned.out_counts.txt,BCell,100,old
lane2_B02_Plate01_B05_TGCAGAGG_L002_EpiAge7680858Aligned.out_counts.txt,BCell,100,old
lane2_B02_Plate01_B06_TGTCGCAC_L002_EpiAge7680866Aligned.out_counts.txt,BCell,100,Y
lane2_B02_Plate01_B07_GACCCAGA_L002_EpiAge7680874Aligned.out_counts.txt,BCell,100,old
lane2_B02_Plate01_B08_TGCATGCC_L002_EpiAge7680882Aligned.out_counts.txt,NveCD8TT,100,old
lane2_B02_Plate01_B09_AGCTTCCA_L002_EpiAge7680890Aligned.out_counts.txt,NA,100,NA
lane2_B02_Plate01_B10_ATGATGTC_L002_EpiAge7680898Aligned.out_counts.txt,BCell,100,old
lane2_B02_Plate01_B11_ACAGGGCA_L002_EpiAge7680906Aligned.out_counts.txt,MemCD8T,100,old
lane2_B02_Plate01_B12_CAGGTCGT_L002_EpiAge7680914Aligned.out_counts.txt,MemCD8T,100,old
lane2_B02_Plate01_C01_TAATCAAC_L002_EpiAge7680827Aligned.out_counts.txt,BCell,100,Y
lane2_B02_Plate01_C02_GTTCCGCA_L002_EpiAge7680835Aligned.out_counts.txt,MemCD8T,100,old
lane2_B02_Plate01_C03_CGACCCTT_L002_EpiAge7680843Aligned.out_counts.txt,BCell,100,old
lane2_B02_Plate01_C04_ACCTGCTG_L002_EpiAge7680851Aligned.out_counts.txt,BCell,100,old
lane2_B02_Plate01_C05_CAACTTAT_L002_EpiAge7680859Aligned.out_counts.txt,MemCD8T,100,old
lane2_B02_Plate01_C06_AAAGTGAT_L002_EpiAge7680867Aligned.out_counts.txt,MemCD8T,100,old
lane2_B02_Plate01_C07_GGACTTGT_L002_EpiAge7680875Aligned.out_counts.txt,MemCD8T,100,old
lane2_B02_Plate01_C08_TACCTAAG_L002_EpiAge7680883Aligned.out_counts.txt,MemCD8T,100,old
lane2_B02_Plate01_C09_CTGGCCTG_L002_EpiAge7680891Aligned.out_counts.txt,MemCD8T,100,old
lane2_B02_Plate01_C10_TTCACCTG_L002_EpiAge7680899Aligned.out_counts.txt,MemCD8T,100,old
lane2_B02_Plate01_C11_ATTACTGT_L002_EpiAge7680907Aligned.out_counts.txt,NveCD4T,100,old
lane2_B02_Plate01_C12_TTTCCTCT_L002_EpiAge7680915Aligned.out_counts.txt,BCell,100,old
lane2_B02_Plate01_D01_ACTGGTCG_L002_EpiAge7680828Aligned.out_counts.txt,NA,100,NA
lane2_B02_Plate01_D02_GTATCGTC_L002_EpiAge7680836Aligned.out_counts.txt,BCell,100,Y
lane2_B02_Plate01_D03_CTGCCTAG_L002_EpiAge7680844Aligned.out_counts.txt,BCell,100,Y
lane2_B02_Plate01_D04_CGGCAAAC_L002_EpiAge7680852Aligned.out_counts.txt,BCell,100,old
lane2_B02_Plate01_D05_GTCATAAG_L002_EpiAge7680860Aligned.out_counts.txt,BCell,100,old
lane2_B02_Plate01_D06_GTAGTCGT_L002_EpiAge7680868Aligned.out_counts.txt,BCell,100,old
lane2_B02_Plate01_D07_TAATCGTG_L002_EpiAge7680876Aligned.out_counts.txt,EffCD4T,100,old
lane2_B02_Plate01_D08_AGACTCAG_L002_EpiAge7680884Aligned.out_counts.txt,BCell,100,Y
lane2_B02_Plate01_D09_TATTCCGC_L002_EpiAge7680892Aligned.out_counts.txt,EffCD4T,100,old
lane2_B02_Plate01_D10_CCGTTTTC_L002_EpiAge7680900Aligned.out_counts.txt,BCell,100,Y
lane2_B02_Plate01_D11_TACCCTTT_L002_EpiAge7680908Aligned.out_counts.txt,BCell,100,old
lane2_B02_Plate01_D12_TAAAGGCG_L002_EpiAge7680916Aligned.out_counts.txt,MemCD8T,100,old
lane2_B02_Plate01_E01_GACGATTG_L002_EpiAge7680829Aligned.out_counts.txt,BCell,100,Y
lane2_B02_Plate01_E02_GTCCTCAC_L002_EpiAge7680837Aligned.out_counts.txt,BCell,100,Y
lane2_B02_Plate01_E03_GAGCGCAT_L002_EpiAge7680845Aligned.out_counts.txt,BCell,100,old
lane2_B02_Plate01_E04_CCTGATGG_L002_EpiAge7680853Aligned.out_counts.txt,MemCD8T,100,old
lane2_B02_Plate01_E05_TCCAAAAG_L002_EpiAge7680861Aligned.out_counts.txt,EffCD4T,100,Y
lane2_B02_Plate01_E06_GCGCGATA_L002_EpiAge7680869Aligned.out_counts.txt,BCell,100,old
lane2_B02_Plate01_E07_ATTACCTT_L002_EpiAge7680877Aligned.out_counts.txt,BCell,100,Y
lane2_B02_Plate01_E08_GCGAGGTT_L002_EpiAge7680885Aligned.out_counts.txt,BCell,100,old
lane2_B02_Plate01_E09_ATAGAAAC_L002_EpiAge7680893Aligned.out_counts.txt,MemCD8T,100,old
lane2_B02_Plate01_E10_ACCGCGTC_L002_EpiAge7680901Aligned.out_counts.txt,MemCD8T,100,old
lane2_B02_Plate01_E11_CCGAAGAA_L002_EpiAge7680909Aligned.out_counts.txt,MemCD8T,100,old
lane2_B02_Plate01_E12_CTGTGGGA_L002_EpiAge7680917Aligned.out_counts.txt,BCell,100,old
lane2_B02_Plate01_F01_AGCGATGA_L002_EpiAge7680830Aligned.out_counts.txt,BCell,100,old
lane2_B02_Plate01_F02_GTACGGAC_L002_EpiAge7680838Aligned.out_counts.txt,BCell,100,old
lane2_B02_Plate01_F03_AACTTATC_L002_EpiAge7680846Aligned.out_counts.txt,MemCD8T,100,old
lane2_B02_Plate01_F04_GAGACGTG_L002_EpiAge7680854Aligned.out_counts.txt,MemCD8T,100,old
lane2_B02_Plate01_F05_GTTCTTTC_L002_EpiAge7680862Aligned.out_counts.txt,BCell,100,Y
lane2_B02_Plate01_F06_CTAGGCTC_L002_EpiAge7680870Aligned.out_counts.txt,BCell,100,old
lane2_B02_Plate01_F07_ACCGATGT_L002_EpiAge7680878Aligned.out_counts.txt,BCell,100,old
lane2_B02_Plate01_F08_ACTGGGAC_L002_EpiAge7680886Aligned.out_counts.txt,BCell,100,Y
lane2_B02_Plate01_F10_TAGATAGG_L002_EpiAge7680902Aligned.out_counts.txt,NveCD8TT,100,old
lane2_B02_Plate01_F11_CGCGTCTC_L002_EpiAge7680910Aligned.out_counts.txt,BCell,100,old
lane2_B02_Plate01_F12_ACACGTCG_L002_EpiAge7680918Aligned.out_counts.txt,MemCD4T,100,old
lane2_B02_Plate01_G01_GAAGAGAT_L002_EpiAge7680831Aligned.out_counts.txt,BCell,100,Y
lane2_B02_Plate01_G02_CATTTTGC_L002_EpiAge7680839Aligned.out_counts.txt,BCell,100,old
lane2_B02_Plate01_G03_CCGATGTA_L002_EpiAge7680847Aligned.out_counts.txt,RegT,100,old
lane2_B02_Plate01_G04_ATGTACGA_L002_EpiAge7680855Aligned.out_counts.txt,NA,100,NA
lane2_B02_Plate01_G05_CAGACCAA_L002_EpiAge7680863Aligned.out_counts.txt,MemCD8T,100,old
lane2_B02_Plate01_G06_GACTACAA_L002_EpiAge7680871Aligned.out_counts.txt,BCell,100,old
lane2_B02_Plate01_G07_GATGTAGG_L002_EpiAge7680879Aligned.out_counts.txt,MemCD8T,100,old
lane2_B02_Plate01_G08_CACTGAAC_L002_EpiAge7680887Aligned.out_counts.txt,BCell,100,old
lane2_B02_Plate01_G09_GATTACCA_L002_EpiAge7680895Aligned.out_counts.txt,BCell,100,Y
lane2_B02_Plate01_G10_TGATTTCT_L002_EpiAge7680903Aligned.out_counts.txt,MemCD8T,100,old
lane2_B02_Plate01_G11_ATGGATTA_L002_EpiAge7680911Aligned.out_counts.txt,BCell,100,Y
lane2_B02_Plate01_G12_TAAATCGT_L002_EpiAge7680919Aligned.out_counts.txt,BCell,100,old
lane2_B02_Plate01_H01_CGTATGCA_L002_EpiAge7680832Aligned.out_counts.txt,BCell,100,Y
lane2_B02_Plate01_H02_TCCTCTCT_L002_EpiAge7680840Aligned.out_counts.txt,NA,100,NA
lane2_B02_Plate01_H03_TTACTACC_L002_EpiAge7680848Aligned.out_counts.txt,BCell,100,Y
lane2_B02_Plate01_H04_ACCCCCAG_L002_EpiAge7680856Aligned.out_counts.txt,NA,100,NA
lane2_B02_Plate01_H05_CGATGACG_L002_EpiAge7680864Aligned.out_counts.txt,MemCD8T,100,old
lane2_B02_Plate01_H06_CGTCAAGG_L002_EpiAge7680872Aligned.out_counts.txt,BCell,100,old
lane2_B02_Plate01_H07_CTAAGCTT_L002_EpiAge7680880Aligned.out_counts.txt,BCell,100,Y
lane2_B02_Plate01_H08_AGAAACCA_L002_EpiAge7680888Aligned.out_counts.txt,MemCD8T,100,old
lane2_B02_Plate01_H09_TTGCCGAC_L002_EpiAge7680896Aligned.out_counts.txt,BCell,100,old
lane2_B02_Plate01_H10_CGAGGCAG_L002_EpiAge7680904Aligned.out_counts.txt,NA,100,NA
lane2_B02_Plate01_H11_CGAAAAAC_L002_EpiAge7680912Aligned.out_counts.txt,NveCD8TT,100,old
lane2_B02_Plate01_H12_TGATGGAT_L002_EpiAge7680920Aligned.out_counts.txt,NA,100,NA
lane2_B03_Plate01_A01_GCGGGTCT_L002_EpiAge7680729Aligned.out_counts.txt,BCell,100,Y
lane2_B03_Plate01_A02_GACCGGAA_L002_EpiAge7680737Aligned.out_counts.txt,BCell,100,Y
lane2_B03_Plate01_A03_GTGTCTGA_L002_EpiAge7680745Aligned.out_counts.txt,BCell,100,Y
lane2_B03_Plate01_A04_CTACGTAA_L002_EpiAge7680753Aligned.out_counts.txt,BCell,100,Y
lane2_B03_Plate01_A05_AGCCGTGA_L002_EpiAge7680761Aligned.out_counts.txt,EffCD4T,100,Y
lane2_B03_Plate01_A06_AATTAGGC_L002_EpiAge7680769Aligned.out_counts.txt,BCell,100,Y
lane2_B03_Plate01_A07_CGGTTGGG_L002_EpiAge7680777Aligned.out_counts.txt,BCell,100,old
lane2_B03_Plate01_A08_CGCCTGAT_L002_EpiAge7680785Aligned.out_counts.txt,BCell,100,Y
lane2_B03_Plate01_A09_TATACATC_L002_EpiAge7680793Aligned.out_counts.txt,BCell,100,old
lane2_B03_Plate01_A10_CGCACCTA_L002_EpiAge7680801Aligned.out_counts.txt,BCell,100,Y
lane2_B03_Plate01_A11_AAACATCA_L002_EpiAge7680809Aligned.out_counts.txt,BCell,100,Y
lane2_B03_Plate01_B01_GATTCTAT_L002_EpiAge7680730Aligned.out_counts.txt,BCell,100,Y
lane2_B03_Plate01_B02_GATCGAAC_L002_EpiAge7680738Aligned.out_counts.txt,MemCD8T,100,Y
lane2_B03_Plate01_B03_CTTGAATC_L002_EpiAge7680746Aligned.out_counts.txt,BCell,100,Y
lane2_B03_Plate01_B04_TCGGACCG_L002_EpiAge7680754Aligned.out_counts.txt,BCell,100,Y
lane2_B03_Plate01_B05_AAGCCTTC_L002_EpiAge7680762Aligned.out_counts.txt,BCell,100,old
lane2_B03_Plate01_B06_AATCGGGT_L002_EpiAge7680770Aligned.out_counts.txt,MemCD8T,100,Y
lane2_B03_Plate01_B07_GTCCGTGA_L002_EpiAge7680778Aligned.out_counts.txt,MemCD8T,100,Y
lane2_B03_Plate01_B08_GCGTGAAC_L002_EpiAge7680786Aligned.out_counts.txt,Mono,100,old
lane2_B03_Plate01_B09_AAGCGACT_L002_EpiAge7680794Aligned.out_counts.txt,BCell,100,Y
lane2_B03_Plate01_B10_CTTCGGCT_L002_EpiAge7680802Aligned.out_counts.txt,BCell,100,Y
lane2_B03_Plate01_B11_CCATAGCT_L002_EpiAge7680810Aligned.out_counts.txt,EffCD4T,100,Y
lane2_B03_Plate01_B12_GGCATTCG_L002_EpiAge7680818Aligned.out_counts.txt,BCell,100,old
lane2_B03_Plate01_C01_ATGCAAAG_L002_EpiAge7680731Aligned.out_counts.txt,BCell,100,old
lane2_B03_Plate01_C02_GTATAGGG_L002_EpiAge7680739Aligned.out_counts.txt,BCell,100,Y
lane2_B03_Plate01_C03_CCGCATGA_L002_EpiAge7680747Aligned.out_counts.txt,NA,100,NA
lane2_B03_Plate01_C04_ATGCGTCG_L002_EpiAge7680755Aligned.out_counts.txt,BCell,100,Y
lane2_B03_Plate01_C05_AGGTATCC_L002_EpiAge7680763Aligned.out_counts.txt,BCell,100,Y
lane2_B03_Plate01_C06_AGGTAGAC_L002_EpiAge7680771Aligned.out_counts.txt,BCell,100,Y
lane2_B03_Plate01_C07_GCCGAACC_L002_EpiAge7680779Aligned.out_counts.txt,NveCD8TT,100,old
lane2_B03_Plate01_C08_TAAGGGTG_L002_EpiAge7680787Aligned.out_counts.txt,BCell,100,Y
lane2_B03_Plate01_C09_GAAGCGCA_L002_EpiAge7680795Aligned.out_counts.txt,BCell,100,Y
lane2_B03_Plate01_C10_CGAATCGA_L002_EpiAge7680803Aligned.out_counts.txt,BCell,100,old
lane2_B03_Plate01_C11_GTTATGGC_L002_EpiAge7680811Aligned.out_counts.txt,BCell,100,Y
lane2_B03_Plate01_C12_TGGGGCTT_L002_EpiAge7680819Aligned.out_counts.txt,BCell,100,Y
lane2_B03_Plate01_D01_GTCTGAGG_L002_EpiAge7680732Aligned.out_counts.txt,BCell,100,Y
lane2_B03_Plate01_D02_GGTAAGAG_L002_EpiAge7680740Aligned.out_counts.txt,BCell,100,old
lane2_B03_Plate01_D03_AAGTAACA_L002_EpiAge7680748Aligned.out_counts.txt,BCell,100,old
lane2_B03_Plate01_D04_TTCTTAGC_L002_EpiAge7680756Aligned.out_counts.txt,BCell,100,Y
lane2_B03_Plate01_D05_AGGATCTC_L002_EpiAge7680764Aligned.out_counts.txt,BCell,100,old
lane2_B03_Plate01_D06_CTTATTCC_L002_EpiAge7680772Aligned.out_counts.txt,BCell,100,Y
lane2_B03_Plate01_D07_ACTTTACT_L002_EpiAge7680780Aligned.out_counts.txt,BCell,100,old
lane2_B03_Plate01_D08_GGTGTCGA_L002_EpiAge7680788Aligned.out_counts.txt,BCell,100,Y
lane2_B03_Plate01_D09_ACCTCTAC_L002_EpiAge7680796Aligned.out_counts.txt,MemCD8T,100,old
lane2_B03_Plate01_D10_TAACAACT_L002_EpiAge7680804Aligned.out_counts.txt,BCell,100,old
lane2_B03_Plate01_D11_ATCCCCTA_L002_EpiAge7680812Aligned.out_counts.txt,BCell,100,Y
lane2_B03_Plate01_E01_TCTGGCGA_L002_EpiAge7680733Aligned.out_counts.txt,MemCD8T,100,Y
lane2_B03_Plate01_E02_AGTCCGAT_L002_EpiAge7680741Aligned.out_counts.txt,BCell,100,old
lane2_B03_Plate01_E03_GTGGTACT_L002_EpiAge7680749Aligned.out_counts.txt,NK,100,old
lane2_B03_Plate01_E04_TGAGTAAG_L002_EpiAge7680757Aligned.out_counts.txt,BCell,100,Y
lane2_B03_Plate01_E05_CTGTTTGA_L002_EpiAge7680765Aligned.out_counts.txt,BCell,100,old
lane2_B03_Plate01_E06_CAGGCTCT_L002_EpiAge7680773Aligned.out_counts.txt,BCell,100,old
lane2_B03_Plate01_E07_GGGTCCAT_L002_EpiAge7680781Aligned.out_counts.txt,NK,100,old
lane2_B03_Plate01_E08_CCGTTAGG_L002_EpiAge7680789Aligned.out_counts.txt,MemCD8T,100,old
lane2_B03_Plate01_E09_GATTGCGT_L002_EpiAge7680797Aligned.out_counts.txt,BCell,100,old
lane2_B03_Plate01_E10_AGCTCTTT_L002_EpiAge7680805Aligned.out_counts.txt,MemCD8T,100,old
lane2_B03_Plate01_E11_CATACTAC_L002_EpiAge7680813Aligned.out_counts.txt,BCell,100,Y
lane2_B03_Plate01_E12_AACTTTTA_L002_EpiAge7680821Aligned.out_counts.txt,BCell,100,old
lane2_B03_Plate01_F01_AATTTGCG_L002_EpiAge7680734Aligned.out_counts.txt,BCell,100,old
lane2_B03_Plate01_F02_ATACAGGC_L002_EpiAge7680742Aligned.out_counts.txt,EffCD4T,100,Y
lane2_B03_Plate01_F03_AGCTGTGC_L002_EpiAge7680750Aligned.out_counts.txt,BCell,100,Y
lane2_B03_Plate01_F04_AAGTGATA_L002_EpiAge7680758Aligned.out_counts.txt,BCell,100,old
lane2_B03_Plate01_F05_GGAATTTC_L002_EpiAge7680766Aligned.out_counts.txt,NveCD4T,100,old
lane2_B03_Plate01_F06_AAAGCACG_L002_EpiAge7680774Aligned.out_counts.txt,BCell,100,Y
lane2_B03_Plate01_F07_ATAACTAG_L002_EpiAge7680782Aligned.out_counts.txt,BCell,100,Y
lane2_B03_Plate01_F08_TGGCAAAA_L002_EpiAge7680790Aligned.out_counts.txt,NA,100,NA
lane2_B03_Plate01_F09_GCTGGTTG_L002_EpiAge7680798Aligned.out_counts.txt,BCell,100,Y
lane2_B03_Plate01_F10_TAATCCCT_L002_EpiAge7680806Aligned.out_counts.txt,BCell,100,Y
lane2_B03_Plate01_F11_CAATTGTT_L002_EpiAge7680814Aligned.out_counts.txt,BCell,100,Y
lane2_B03_Plate01_F12_AGGGATTC_L002_EpiAge7680822Aligned.out_counts.txt,BCell,100,old
lane2_B03_Plate01_G01_TGGGTTGG_L002_EpiAge7680735Aligned.out_counts.txt,BCell,100,Y
lane2_B03_Plate01_G02_TGAGACTC_L002_EpiAge7680743Aligned.out_counts.txt,BCell,100,Y
lane2_B03_Plate01_G03_TTACCTTC_L002_EpiAge7680751Aligned.out_counts.txt,BCell,100,Y
lane2_B03_Plate01_G04_TCGATGCG_L002_EpiAge7680759Aligned.out_counts.txt,MemCD4T,100,old
lane2_B03_Plate01_G05_TTGGAGCA_L002_EpiAge7680767Aligned.out_counts.txt,BCell,100,Y
lane2_B03_Plate01_G06_GTATACAC_L002_EpiAge7680775Aligned.out_counts.txt,MemCD4T,100,old
lane2_B03_Plate01_G07_AATAGAGA_L002_EpiAge7680783Aligned.out_counts.txt,MemCD8T,100,old
lane2_B03_Plate01_G08_CCTACCCG_L002_EpiAge7680791Aligned.out_counts.txt,BCell,100,Y
lane2_B03_Plate01_G09_ATCGTCCT_L002_EpiAge7680799Aligned.out_counts.txt,BCell,100,Y
lane2_B03_Plate01_G10_AGGACACT_L002_EpiAge7680807Aligned.out_counts.txt,BCell,100,Y
lane2_B03_Plate01_G11_AAACCCGT_L002_EpiAge7680815Aligned.out_counts.txt,BCell,100,Y
lane2_B03_Plate01_G12_CCGAGTAG_L002_EpiAge7680823Aligned.out_counts.txt,BCell,100,Y
lane2_B03_Plate01_H01_AGTTGAAA_L002_EpiAge7680736Aligned.out_counts.txt,BCell,100,old
lane2_B03_Plate01_H02_ACTCAGGA_L002_EpiAge7680744Aligned.out_counts.txt,BCell,100,Y
lane2_B03_Plate01_H03_TCCGGGTA_L002_EpiAge7680752Aligned.out_counts.txt,BCell,100,old
lane2_B03_Plate01_H04_TATTCTGG_L002_EpiAge7680760Aligned.out_counts.txt,BCell,100,old
lane2_B03_Plate01_H05_AAGGTCTG_L002_EpiAge7680768Aligned.out_counts.txt,NveCD8TT,100,old
lane2_B03_Plate01_H06_GGACATAT_L002_EpiAge7680776Aligned.out_counts.txt,BCell,100,Y
lane2_B03_Plate01_H07_TCACCATT_L002_EpiAge7680784Aligned.out_counts.txt,NveCD8TT,100,Y
lane2_B03_Plate01_H08_AACAGCGC_L002_EpiAge7680792Aligned.out_counts.txt,MemCD8T,100,NA
lane2_B03_Plate01_H09_GGACACGG_L002_EpiAge7680800Aligned.out_counts.txt,BCell,100,Y
lane2_B03_Plate01_H10_TTACACTA_L002_EpiAge7680808Aligned.out_counts.txt,BCell,100,Y
lane2_B03_Plate01_H11_CAGATTTC_L002_EpiAge7680816Aligned.out_counts.txt,NA,100,NA
lane2_B11_Plate01_A02_CCTAAGAT_L002_EpiAge7680641Aligned.out_counts.txt,BCell,36,Y
lane2_B11_Plate01_A03_GCTGGACA_L002_EpiAge7680649Aligned.out_counts.txt,NveCD8TT,36,Y
lane2_B11_Plate01_A04_ACTCTTTC_L002_EpiAge7680657Aligned.out_counts.txt,BCell,36,Y
lane2_B11_Plate01_A05_AGTCCAAC_L002_EpiAge7680665Aligned.out_counts.txt,NveCD4T,36,old
lane2_B11_Plate01_A06_AGCAAGTT_L002_EpiAge7680673Aligned.out_counts.txt,BCell,36,Y
lane2_B11_Plate01_A07_GAATCCTA_L002_EpiAge7680681Aligned.out_counts.txt,BCell,36,Y
lane2_B11_Plate01_A08_CTTGACCG_L002_EpiAge7680689Aligned.out_counts.txt,MemCD4T,36,Y
lane2_B11_Plate01_A09_GAGATGCC_L002_EpiAge7680697Aligned.out_counts.txt,BCell,36,Y
lane2_B11_Plate01_A10_AGTGTAGT_L002_EpiAge7680705Aligned.out_counts.txt,BCell,36,Y
lane2_B11_Plate01_A11_CTCGTCGA_L002_EpiAge7680713Aligned.out_counts.txt,NveCD4T,36,Y
lane2_B11_Plate01_B01_AACTGGCA_L002_EpiAge7680634Aligned.out_counts.txt,BCell,36,Y
lane2_B11_Plate01_B02_CTCAGATA_L002_EpiAge7680642Aligned.out_counts.txt,MemCD8T,36,old
lane2_B11_Plate01_B03_AAGTCGTA_L002_EpiAge7680650Aligned.out_counts.txt,BCell,36,Y
lane2_B11_Plate01_B04_TATTGGAG_L002_EpiAge7680658Aligned.out_counts.txt,BCell,36,Y
lane2_B11_Plate01_B05_TTTGGGCA_L002_EpiAge7680666Aligned.out_counts.txt,BCell,36,Y
lane2_B11_Plate01_B06_GACGCTCA_L002_EpiAge7680674Aligned.out_counts.txt,BCell,36,old
lane2_B11_Plate01_B07_ACTTCGTA_L002_EpiAge7680682Aligned.out_counts.txt,NveCD8TT,36,old
lane2_B11_Plate01_B08_AGGTCTAA_L002_EpiAge7680690Aligned.out_counts.txt,MemCD8T,36,Y
lane2_B11_Plate01_B09_TTGAGAAG_L002_EpiAge7680698Aligned.out_counts.txt,NveCD4T,36,old
lane2_B11_Plate01_B10_GTGGCCAA_L002_EpiAge7680706Aligned.out_counts.txt,NveCD4T,36,Y
lane2_B11_Plate01_B11_TCTACAGT_L002_EpiAge7680714Aligned.out_counts.txt,NveCD4T,36,Y
lane2_B11_Plate01_B12_TGACCCAC_L002_EpiAge7680722Aligned.out_counts.txt,BCell,36,Y
lane2_B11_Plate01_C01_ACAACGCA_L002_EpiAge7680635Aligned.out_counts.txt,BCell,36,Y
lane2_B11_Plate01_C02_CCCATAGG_L002_EpiAge7680643Aligned.out_counts.txt,NveCD4T,36,old
lane2_B11_Plate01_C03_CATCCGTA_L002_EpiAge7680651Aligned.out_counts.txt,BCell,36,Y
lane2_B11_Plate01_C04_TAAACATA_L002_EpiAge7680659Aligned.out_counts.txt,BCell,36,Y
lane2_B11_Plate01_C05_TCTGACGC_L002_EpiAge7680667Aligned.out_counts.txt,BCell,36,old
lane2_B11_Plate01_C06_ACGGCAGC_L002_EpiAge7680675Aligned.out_counts.txt,BCell,36,old
lane2_B11_Plate01_C07_TAGTCGGT_L002_EpiAge7680683Aligned.out_counts.txt,BCell,36,Y
lane2_B11_Plate01_C08_CGAGATCC_L002_EpiAge7680691Aligned.out_counts.txt,BCell,36,Y
lane2_B11_Plate01_C09_GCATCCGG_L002_EpiAge7680699Aligned.out_counts.txt,BCell,36,Y
lane2_B11_Plate01_C10_AAATACTC_L002_EpiAge7680707Aligned.out_counts.txt,BCell,36,old
lane2_B11_Plate01_C11_CTTCTAGA_L002_EpiAge7680715Aligned.out_counts.txt,BCell,36,Y
lane2_B11_Plate01_C12_ATTGCACA_L002_EpiAge7680723Aligned.out_counts.txt,NveCD4T,36,Y
lane2_B11_Plate01_D01_CGGAAACA_L002_EpiAge7680636Aligned.out_counts.txt,BCell,36,Y
lane2_B11_Plate01_D02_GCTATGAC_L002_EpiAge7680644Aligned.out_counts.txt,BCell,36,Y
lane2_B11_Plate01_D03_TTGTGTCT_L002_EpiAge7680652Aligned.out_counts.txt,BCell,36,old
lane2_B11_Plate01_D04_GTAAGATA_L002_EpiAge7680660Aligned.out_counts.txt,BCell,36,Y
lane2_B11_Plate01_D05_TGTCGACT_L002_EpiAge7680668Aligned.out_counts.txt,NA,36,NA
lane2_B11_Plate01_D06_AGAACTGA_L002_EpiAge7680676Aligned.out_counts.txt,BCell,36,Y
lane2_B11_Plate01_D07_CGCACGAG_L002_EpiAge7680684Aligned.out_counts.txt,NveCD8TT,36,Y
lane2_B11_Plate01_D08_ATTAGCGG_L002_EpiAge7680692Aligned.out_counts.txt,NveCD4T,36,Y
lane2_B11_Plate01_D09_GTCACCAG_L002_EpiAge7680700Aligned.out_counts.txt,BCell,36,Y
lane2_B11_Plate01_D10_CACCCGTC_L002_EpiAge7680708Aligned.out_counts.txt,NA,36,NA
lane2_B11_Plate01_D11_AACGGCTT_L002_EpiAge7680716Aligned.out_counts.txt,BCell,36,Y
lane2_B11_Plate01_D12_CTTTTGAT_L002_EpiAge7680724Aligned.out_counts.txt,BCell,36,Y
lane2_B11_Plate01_E01_AATGAATT_L002_EpiAge7680637Aligned.out_counts.txt,BCell,36,Y
lane2_B11_Plate01_E02_GCTGTGAA_L002_EpiAge7680645Aligned.out_counts.txt,MemCD8T,36,old
lane2_B11_Plate01_E03_TGCTCTAG_L002_EpiAge7680653Aligned.out_counts.txt,BCell,36,Y
lane2_B11_Plate01_E04_TACCGCAA_L002_EpiAge7680661Aligned.out_counts.txt,NveCD4T,36,old
lane2_B11_Plate01_E05_GTCACGTA_L002_EpiAge7680669Aligned.out_counts.txt,DC,36,NA
lane2_B11_Plate01_E06_CGCCTTTG_L002_EpiAge7680677Aligned.out_counts.txt,NveCD8TT,36,old
lane2_B11_Plate01_E07_ACGTACTA_L002_EpiAge7680685Aligned.out_counts.txt,NK,36,old
lane2_B11_Plate01_E08_GCGCTGAT_L002_EpiAge7680693Aligned.out_counts.txt,NveCD4T,36,Y
lane2_B11_Plate01_E09_GAGGTCGC_L002_EpiAge7680701Aligned.out_counts.txt,BCell,36,Y
lane2_B11_Plate01_E10_TCGTGGTT_L002_EpiAge7680709Aligned.out_counts.txt,BCell,36,Y
lane2_B11_Plate01_E11_ATAAGACT_L002_EpiAge7680717Aligned.out_counts.txt,BCell,36,Y
lane2_B11_Plate01_E12_TAGCGAGA_L002_EpiAge7680725Aligned.out_counts.txt,MemCD8T,36,Y
lane2_B11_Plate01_F01_TAGGACCC_L002_EpiAge7680638Aligned.out_counts.txt,BCell,36,Y
lane2_B11_Plate01_F02_ACCTTCAA_L002_EpiAge7680646Aligned.out_counts.txt,BCell,36,Y
lane2_B11_Plate01_F03_ACCCAACA_L002_EpiAge7680654Aligned.out_counts.txt,NveCD8TT,36,old
lane2_B11_Plate01_F04_TATCTCCT_L002_EpiAge7680662Aligned.out_counts.txt,BCell,36,Y
lane2_B11_Plate01_F05_TTGAGCGA_L002_EpiAge7680670Aligned.out_counts.txt,BCell,36,Y
lane2_B11_Plate01_F06_TAAGGTCA_L002_EpiAge7680678Aligned.out_counts.txt,BCell,36,Y
lane2_B11_Plate01_F07_AGCGCCAA_L002_EpiAge7680686Aligned.out_counts.txt,NK,36,Y
lane2_B11_Plate01_F08_TGCTGAAC_L002_EpiAge7680694Aligned.out_counts.txt,BCell,36,Y
lane2_B11_Plate01_F09_AAGGGGTA_L002_EpiAge7680702Aligned.out_counts.txt,BCell,36,Y
lane2_B11_Plate01_F10_ACTTGGGG_L002_EpiAge7680710Aligned.out_counts.txt,NveCD4T,36,old
lane2_B11_Plate01_F11_GTTTTTCG_L002_EpiAge7680718Aligned.out_counts.txt,NveCD8TT,36,Y
lane2_B11_Plate01_F12_TTCGCAGG_L002_EpiAge7680726Aligned.out_counts.txt,NveCD4T,36,old
lane2_B11_Plate01_G01_TCTCAGTG_L002_EpiAge7680639Aligned.out_counts.txt,BCell,36,Y
lane2_B11_Plate01_G02_ACAAAGCC_L002_EpiAge7680647Aligned.out_counts.txt,BCell,36,Y
lane2_B11_Plate01_G03_CGATCTGA_L002_EpiAge7680655Aligned.out_counts.txt,BCell,36,Y
lane2_B11_Plate01_G04_TGTCATCT_L002_EpiAge7680663Aligned.out_counts.txt,NveCD8TT,36,Y
lane2_B11_Plate01_G05_GAGACATA_L002_EpiAge7680671Aligned.out_counts.txt,BCell,36,Y
lane2_B11_Plate01_G06_ACGTTGGC_L002_EpiAge7680679Aligned.out_counts.txt,BCell,36,Y
lane2_B11_Plate01_G07_GCCTGCCC_L002_EpiAge7680687Aligned.out_counts.txt,MemCD8T,36,old
lane2_B11_Plate01_G08_GAGGGCAG_L002_EpiAge7680695Aligned.out_counts.txt,BCell,36,Y
lane2_B11_Plate01_G09_TTTTACGT_L002_EpiAge7680703Aligned.out_counts.txt,BCell,36,Y
lane2_B11_Plate01_G10_GGCTGCTT_L002_EpiAge7680711Aligned.out_counts.txt,BCell,36,Y
lane2_B11_Plate01_G11_ATTGGTAT_L002_EpiAge7680719Aligned.out_counts.txt,NA,36,NA
lane2_B11_Plate01_G12_TAGTTATT_L002_EpiAge7680727Aligned.out_counts.txt,BCell,36,Y
lane2_B11_Plate01_H01_CATGGGAA_L002_EpiAge7680640Aligned.out_counts.txt,NveCD4T,36,old
lane2_B11_Plate01_H02_CAAAACCG_L002_EpiAge7680648Aligned.out_counts.txt,BCell,36,Y
lane2_B11_Plate01_H03_GTTCCACG_L002_EpiAge7680656Aligned.out_counts.txt,BCell,36,Y
lane2_B11_Plate01_H04_ATAGCTCT_L002_EpiAge7680664Aligned.out_counts.txt,BCell,36,Y
lane2_B11_Plate01_H05_GTCAAGCT_L002_EpiAge7680672Aligned.out_counts.txt,NK,36,Y
lane2_B11_Plate01_H06_CCAGCTTA_L002_EpiAge7680680Aligned.out_counts.txt,BCell,36,Y
lane2_B11_Plate01_H07_AGGACGAT_L002_EpiAge7680688Aligned.out_counts.txt,BCell,36,Y
lane2_B11_Plate01_H08_GTTTTCAC_L002_EpiAge7680696Aligned.out_counts.txt,BCell,36,Y
lane2_B11_Plate01_H09_TTCCTACA_L002_EpiAge7680704Aligned.out_counts.txt,BCell,36,Y
lane2_B11_Plate01_H10_CAGGGTCG_L002_EpiAge7680712Aligned.out_counts.txt,RegT,36,old
lane2_B11_Plate01_H11_CGCCAGTA_L002_EpiAge7680720Aligned.out_counts.txt,NveCD8TT,36,Y
lane2_B11_Plate01_H12_TCCTCCGA_L002_EpiAge7680728Aligned.out_counts.txt,BCell,36,Y
lane2_B12_Plate01_A01_GATCTCTT_L002_EpiAge7680537Aligned.out_counts.txt,NveCD4T,36,old
lane2_B12_Plate01_A02_GCATGGCT_L002_EpiAge7680545Aligned.out_counts.txt,BCell,10,Y
lane2_B12_Plate01_A04_GCTAACTC_L002_EpiAge7680561Aligned.out_counts.txt,NA,10,Y
lane2_B12_Plate01_A05_GGCACAAC_L002_EpiAge7680569Aligned.out_counts.txt,NveCD4T,10,Y
lane2_B12_Plate01_A07_CGCTTCCT_L002_EpiAge7680585Aligned.out_counts.txt,BCell,10,Y
lane2_B12_Plate01_A08_CCACTTGG_L002_EpiAge7680593Aligned.out_counts.txt,RegT,10,Y
lane2_B12_Plate01_A09_CGCTAAGC_L002_EpiAge7680601Aligned.out_counts.txt,NK,10,old
lane2_B12_Plate01_A10_CTCTCTCA_L002_EpiAge7680609Aligned.out_counts.txt,NveCD8TT,10,Y
lane2_B12_Plate01_A11_AACGTGTG_L002_EpiAge7680617Aligned.out_counts.txt,MemCD8T,10,Y
lane2_B12_Plate01_A12_ATTCGGAG_L002_EpiAge7680625Aligned.out_counts.txt,NveCD4T,10,Y
lane2_B12_Plate01_B01_GTGTCCTT_L002_EpiAge7680538Aligned.out_counts.txt,BCell,10,Y
lane2_B12_Plate01_B02_GTTAGCCT_L002_EpiAge7680546Aligned.out_counts.txt,BCell,10,Y
lane2_B12_Plate01_B03_GGATTAGG_L002_EpiAge7680554Aligned.out_counts.txt,BCell,10,Y
lane2_B12_Plate01_B04_GATTCATC_L002_EpiAge7680562Aligned.out_counts.txt,BCell,10,Y
lane2_B12_Plate01_B05_GACACTTA_L002_EpiAge7680570Aligned.out_counts.txt,NveCD8TT,10,Y
lane2_B12_Plate01_B06_GAACGACA_L002_EpiAge7680578Aligned.out_counts.txt,NA,10,NA
lane2_B12_Plate01_B08_CTGTACGG_L002_EpiAge7680594Aligned.out_counts.txt,BCell,10,Y
lane2_B12_Plate01_B09_CAACCTCC_L002_EpiAge7680602Aligned.out_counts.txt,MemCD8T,10,Y
lane2_B12_Plate01_B10_CGACTGCA_L002_EpiAge7680610Aligned.out_counts.txt,NveCD8TT,10,old
lane2_B12_Plate01_B11_AGACCGTG_L002_EpiAge7680618Aligned.out_counts.txt,NveCD4T,10,Y
lane2_B12_Plate01_B12_ACGCAATC_L002_EpiAge7680626Aligned.out_counts.txt,NveCD4T,10,old
lane2_B12_Plate01_C01_GACGGATT_L002_EpiAge7680539Aligned.out_counts.txt,NveCD8TT,10,old
lane2_B12_Plate01_C02_GTCGCTAT_L002_EpiAge7680547Aligned.out_counts.txt,NveCD8TT,10,old
lane2_B12_Plate01_C04_GTCTTGGC_L002_EpiAge7680563Aligned.out_counts.txt,NveCD4T,10,Y
lane2_B12_Plate01_C05_GTGCAGTA_L002_EpiAge7680571Aligned.out_counts.txt,BCell,10,Y
lane2_B12_Plate01_C06_GCAGGTAA_L002_EpiAge7680579Aligned.out_counts.txt,NveCD8TT,10,old
lane2_B12_Plate01_C07_CACACACT_L002_EpiAge7680587Aligned.out_counts.txt,NveCD4T,10,Y
lane2_B12_Plate01_C08_CTAGATAG_L002_EpiAge7680595Aligned.out_counts.txt,BCell,10,Y
lane2_B12_Plate01_C09_CAGCTGAC_L002_EpiAge7680603Aligned.out_counts.txt,BCell,10,Y
lane2_B12_Plate01_C10_CCTGAGCA_L002_EpiAge7680611Aligned.out_counts.txt,NK,10,old
lane2_B12_Plate01_C11_ACCTCTGG_L002_EpiAge7680619Aligned.out_counts.txt,NveCD4T,10,Y
lane2_B12_Plate01_C12_ACAAGTGC_L002_EpiAge7680627Aligned.out_counts.txt,BCell,10,Y
lane2_B12_Plate01_D02_GGAATGAT_L002_EpiAge7680548Aligned.out_counts.txt,BCell,10,Y
lane2_B12_Plate01_D03_GTGTGTCG_L002_EpiAge7680556Aligned.out_counts.txt,BCell,10,Y
lane2_B12_Plate01_D04_GTAGAAGC_L002_EpiAge7680564Aligned.out_counts.txt,NK,10,old
lane2_B12_Plate01_D05_GGAGTCTA_L002_EpiAge7680572Aligned.out_counts.txt,BCell,10,Y
lane2_B12_Plate01_D06_GCGTCGAA_L002_EpiAge7680580Aligned.out_counts.txt,Mono,10,Y
lane2_B12_Plate01_D07_CCTAGTAT_L002_EpiAge7680588Aligned.out_counts.txt,BCell,10,Y
lane2_B12_Plate01_D08_CACTCGAG_L002_EpiAge7680596Aligned.out_counts.txt,MemCD8T,10,old
lane2_B12_Plate01_D09_CTCAAGAC_L002_EpiAge7680604Aligned.out_counts.txt,NA,10,NA
lane2_B12_Plate01_D10_CAGGCTAA_L002_EpiAge7680612Aligned.out_counts.txt,BCell,10,Y
lane2_B12_Plate01_D11_ATCCTAGG_L002_EpiAge7680620Aligned.out_counts.txt,NveCD4T,10,old
lane2_B12_Plate01_D12_ATGGATCC_L002_EpiAge7680628Aligned.out_counts.txt,BCell,10,Y
lane2_B12_Plate01_E01_GGTCGTGT_L002_EpiAge7680541Aligned.out_counts.txt,NveCD8TT,10,Y
lane2_B12_Plate01_E02_GAGCCAAT_L002_EpiAge7680549Aligned.out_counts.txt,MemCD8T,10,old
lane2_B12_Plate01_E03_GCAATCCG_L002_EpiAge7680557Aligned.out_counts.txt,NveCD8TT,10,Y
lane2_B12_Plate01_E04_GATGGTCC_L002_EpiAge7680565Aligned.out_counts.txt,NveCD4T,10,Y
lane2_B12_Plate01_E05_GCTATGGA_L002_EpiAge7680573Aligned.out_counts.txt,BCell,10,Y
lane2_B12_Plate01_E06_CGTTCGGT_L002_EpiAge7680581Aligned.out_counts.txt,NveCD4T,10,Y
lane2_B12_Plate01_E07_CCACCGAT_L002_EpiAge7680589Aligned.out_counts.txt,NveCD8TT,10,Y
lane2_B12_Plate01_E08_CCGACAAG_L002_EpiAge7680597Aligned.out_counts.txt,NveCD8TT,10,Y
lane2_B12_Plate01_E09_CGTGTCAC_L002_EpiAge7680605Aligned.out_counts.txt,NveCD8TT,10,Y
lane2_B12_Plate01_E10_CGGAGGAA_L002_EpiAge7680613Aligned.out_counts.txt,BCell,10,Y
lane2_B12_Plate01_E11_ATCAACCG_L002_EpiAge7680621Aligned.out_counts.txt,BCell,10,Y
lane2_B12_Plate01_E12_AGAGGACC_L002_EpiAge7680629Aligned.out_counts.txt,NveCD4T,10,old
lane2_B12_Plate01_F01_GAATCTGT_L002_EpiAge7680542Aligned.out_counts.txt,MemCD8T,10,Y
lane2_B12_Plate01_F02_GCTCCTTG_L002_EpiAge7680550Aligned.out_counts.txt,NveCD4T,10,old
lane2_B12_Plate01_F04_GTGCTACC_L002_EpiAge7680566Aligned.out_counts.txt,NveCD8TT,10,old
lane2_B12_Plate01_F05_GAGTGCGA_L002_EpiAge7680574Aligned.out_counts.txt,NveCD8TT,10,Y
lane2_B12_Plate01_F06_CACCAGGT_L002_EpiAge7680582Aligned.out_counts.txt,MemCD8T,10,Y
lane2_B12_Plate01_F07_CTTCACAT_L002_EpiAge7680590Aligned.out_counts.txt,NveCD4T,10,Y
lane2_B12_Plate01_F08_CTTGCTTC_L002_EpiAge7680598Aligned.out_counts.txt,NveCD8TT,10,Y
lane2_B12_Plate01_F09_CCATGCAC_L002_EpiAge7680606Aligned.out_counts.txt,NveCD8TT,10,Y
lane2_B12_Plate01_F10_AGGAGATT_L002_EpiAge7680614Aligned.out_counts.txt,MemCD8T,10,Y
lane2_B12_Plate01_F11_AGGTCACG_L002_EpiAge7680622Aligned.out_counts.txt,NveCD8TT,10,Y
lane2_B12_Plate01_F12_ATCTCCAC_L002_EpiAge7680630Aligned.out_counts.txt,BCell,10,Y
lane2_B12_Plate01_G01_GTACATCT_L002_EpiAge7680543Aligned.out_counts.txt,NK,10,old
lane2_B12_Plate01_G02_GTAAGGTG_L002_EpiAge7680551Aligned.out_counts.txt,BCell,10,Y
lane2_B12_Plate01_G03_GCCTGTTC_L002_EpiAge7680559Aligned.out_counts.txt,NveCD4T,10,Y
lane2_B12_Plate01_G04_GCGATTAC_L002_EpiAge7680567Aligned.out_counts.txt,NveCD8TT,10,old
lane2_B12_Plate01_G05_GTAACCGA_L002_EpiAge7680575Aligned.out_counts.txt,NveCD4T,10,Y
lane2_B12_Plate01_G06_CTGCGAGT_L002_EpiAge7680583Aligned.out_counts.txt,BCell,10,Y
lane2_B12_Plate01_G07_CTATCATG_L002_EpiAge7680591Aligned.out_counts.txt,NveCD8TT,10,Y
lane2_B12_Plate01_G08_CATAGGTC_L002_EpiAge7680599Aligned.out_counts.txt,NveCD4T,10,Y
lane2_B12_Plate01_G09_CGTTACTA_L002_EpiAge7680607Aligned.out_counts.txt,NveCD4T,10,Y
lane2_B12_Plate01_G10_AGGCAGCT_L002_EpiAge7680615Aligned.out_counts.txt,MemCD8T,10,Y
lane2_B12_Plate01_G11_ACTGTTAG_L002_EpiAge7680623Aligned.out_counts.txt,BCell,10,Y
lane2_B12_Plate01_G12_ATTGGCTA_L002_EpiAge7680631Aligned.out_counts.txt,NveCD8TT,10,Y
lane2_B12_Plate01_H02_GAGGATGG_L002_EpiAge7680552Aligned.out_counts.txt,BCell,10,Y
lane2_B12_Plate01_H03_GCACTGTC_L002_EpiAge7680560Aligned.out_counts.txt,NK,10,Y
lane2_B12_Plate01_H04_GGTTGGAC_L002_EpiAge7680568Aligned.out_counts.txt,BCell,10,Y 
lane2_B12_Plate01_H05_GGCAAGCA_L002_EpiAge7680576Aligned.out_counts.txt,BCell,10,Y
lane2_B12_Plate01_H06_CCGTATCT_L002_EpiAge7680584Aligned.out_counts.txt,NveCD8TT,10,Y
lane2_B12_Plate01_H07_CATGAATG_L002_EpiAge7680592Aligned.out_counts.txt,NveCD4T,10,old
lane2_B12_Plate01_H08_CACATTGC_L002_EpiAge7680600Aligned.out_counts.txt,NveCD4T,10,Y
lane2_B12_Plate01_H09_CAAGTAGA_L002_EpiAge7680608Aligned.out_counts.txt,NK,10,Y
lane2_B12_Plate01_H10_ACGTTCAT_L002_EpiAge7680616Aligned.out_counts.txt,NA,10,NA
lane2_B12_Plate01_H11_AAGAGTAG_L002_EpiAge7680624Aligned.out_counts.txt,MemCD8T,10,Y
lane2_B14_Plate02_A05_GCCAATGT_L002_EpiAge7680473Aligned.out_counts.txt,EffCD4T,10,Y
lane2_B14_Plate02_A06_TCTCGGTT_L002_EpiAge7680481Aligned.out_counts.txt,BCell,36,Y
lane2_B14_Plate02_A07_TGATACGT_L002_EpiAge7680489Aligned.out_counts.txt,NveCD4T,36,Y
lane2_B14_Plate02_A08_TGTGGTTG_L002_EpiAge7680497Aligned.out_counts.txt,NveCD4T,36,Y
lane2_B14_Plate02_A09_TCTCACGG_L002_EpiAge7680505Aligned.out_counts.txt,BCell,36,Y
lane2_B14_Plate02_A10_TCAGATTC_L002_EpiAge7680513Aligned.out_counts.txt,BCell,36,Y
lane2_B14_Plate02_A11_TGTTCTCC_L002_EpiAge7680521Aligned.out_counts.txt,BCell,36,Y
lane2_B14_Plate02_A12_TAGACGGA_L002_EpiAge7680529Aligned.out_counts.txt,BCell,36,Y
lane2_B14_Plate02_B05_CAGATCTG_L002_EpiAge7680474Aligned.out_counts.txt,NveCD4T,36,Y
lane2_B14_Plate02_B06_TAAGCGTT_L002_EpiAge7680482Aligned.out_counts.txt,NveCD4T,36,Y
lane2_B14_Plate02_B07_TGCATAGT_L002_EpiAge7680490Aligned.out_counts.txt,Mono,36,Y
lane2_B14_Plate02_B08_TAGTCTTG_L002_EpiAge7680498Aligned.out_counts.txt,NveCD8TT,36,Y
lane2_B14_Plate02_B09_TCAGGAGG_L002_EpiAge7680506Aligned.out_counts.txt,BCell,36,Y
lane2_B14_Plate02_B10_TACTAGTC_L002_EpiAge7680514Aligned.out_counts.txt,BCell,36,Y
lane2_B14_Plate02_B11_TTCGCACC_L002_EpiAge7680522Aligned.out_counts.txt,NA,36,NA
lane2_B14_Plate02_B12_TGTGAAGA_L002_EpiAge7680530Aligned.out_counts.txt,NA,36,NA
lane2_B14_Plate02_C05_ACTTGATG_L002_EpiAge7680475Aligned.out_counts.txt,BCell,36,Y
lane2_B14_Plate02_C06_TCCGTCTT_L002_EpiAge7680483Aligned.out_counts.txt,BCell,36,Y
lane2_B14_Plate02_C07_TTGACTCT_L002_EpiAge7680491Aligned.out_counts.txt,BCell,36,Y
lane2_B14_Plate02_C08_TTCCATTG_L002_EpiAge7680499Aligned.out_counts.txt,MemCD8T,36,Y
lane2_B14_Plate02_C09_TAAGTTCG_L002_EpiAge7680507Aligned.out_counts.txt,BCell,36,Y
lane2_B14_Plate02_C10_TTCAGCTC_L002_EpiAge7680515Aligned.out_counts.txt,BCell,36,old
lane2_B14_Plate02_C11_TTGCGTAC_L002_EpiAge7680523Aligned.out_counts.txt,NveCD8TT,36,Y
lane2_B14_Plate02_C12_TCTCTTCA_L002_EpiAge7680531Aligned.out_counts.txt,BCell,36,Y
lane2_B14_Plate02_D04_ATCACGTT_L002_EpiAge7680468Aligned.out_counts.txt,BCell,36,Y
lane2_B14_Plate02_D05_GATCAGCG_L002_EpiAge7680476Aligned.out_counts.txt,MemCD8T,36,Y
lane2_B14_Plate02_D06_TGTACCTT_L002_EpiAge7680484Aligned.out_counts.txt,BCell,36,Y
lane2_B14_Plate02_D07_TGCGATCT_L002_EpiAge7680492Aligned.out_counts.txt,NveCD8TT,36,Y
lane2_B14_Plate02_D08_TCGAAGTG_L002_EpiAge7680500Aligned.out_counts.txt,BCell,36,Y
lane2_B14_Plate02_D09_TCCAGTCG_L002_EpiAge7680508Aligned.out_counts.txt,NveCD8TT,36,Y
lane2_B14_Plate02_D10_TGTCTATC_L002_EpiAge7680516Aligned.out_counts.txt,Mono,36,Y
lane2_B14_Plate02_D11_TCTACGAC_L002_EpiAge7680524Aligned.out_counts.txt,BCell,36,Y
lane2_B14_Plate02_D12_TTGTTCCA_L002_EpiAge7680532Aligned.out_counts.txt,BCell,36,old
lane2_B14_Plate02_E04_CGATGTTT_L002_EpiAge7680469Aligned.out_counts.txt,NveCD4T,36,Y
lane2_B14_Plate02_E05_TAGCTTGT_L002_EpiAge7680477Aligned.out_counts.txt,BCell,36,Y
lane2_B14_Plate02_E06_TTCTGTGT_L002_EpiAge7680485Aligned.out_counts.txt,BCell,36,Y
lane2_B14_Plate02_E07_TTCCTGCT_L002_EpiAge7680493Aligned.out_counts.txt,EffCD4T,36,Y
lane2_B14_Plate02_E08_TAACGCTG_L002_EpiAge7680501Aligned.out_counts.txt,BCell,36,Y
lane2_B14_Plate02_E09_TGTATGCG_L002_EpiAge7680509Aligned.out_counts.txt,BCell,36,Y
lane2_B14_Plate02_E10_TATGTGGC_L002_EpiAge7680517Aligned.out_counts.txt,NveCD4T,36,Y
lane2_B14_Plate02_E11_TGACAGAC_L002_EpiAge7680525Aligned.out_counts.txt,NveCD8TT,36,Y
lane2_B14_Plate02_E12_TGAAGCCA_L002_EpiAge7680533Aligned.out_counts.txt,BCell,36,Y
lane2_B14_Plate02_F04_TTAGGCAT_L002_EpiAge7680470Aligned.out_counts.txt,BCell,36,Y
lane2_B14_Plate02_F05_GGCTACAG_L002_EpiAge7680478Aligned.out_counts.txt,BCell,36,Y
lane2_B14_Plate02_F06_TCTGCTGT_L002_EpiAge7680486Aligned.out_counts.txt,BCell,36,Y
lane2_B14_Plate02_F07_TAGTGACT_L002_EpiAge7680494Aligned.out_counts.txt,MemCD8T,36,Y
lane2_B14_Plate02_F08_TTGGTATG_L002_EpiAge7680502Aligned.out_counts.txt,NA,36,NA
lane2_B14_Plate02_F09_TCATTGAG_L002_EpiAge7680510Aligned.out_counts.txt,BCell,36,Y
lane2_B14_Plate02_F10_TTACTCGC_L002_EpiAge7680518Aligned.out_counts.txt,BCell,36,Y
lane2_B14_Plate02_F11_TAGAACAC_L002_EpiAge7680526Aligned.out_counts.txt,BCell,36,Y
lane2_B14_Plate02_F12_TACCACCA_L002_EpiAge7680534Aligned.out_counts.txt,NveCD4T,36,Y
lane2_B14_Plate02_G04_TGACCACT_L002_EpiAge7680471Aligned.out_counts.txt,BCell,36,Y
lane2_B14_Plate02_G05_CTTGTACT_L002_EpiAge7680479Aligned.out_counts.txt,RegT,36,Y
lane2_B14_Plate02_G06_TTGGAGGT_L002_EpiAge7680487Aligned.out_counts.txt,NveCD4T,36,Y
lane2_B14_Plate02_G07_TACAGGAT_L002_EpiAge7680495Aligned.out_counts.txt,Neut,36,NA
lane2_B14_Plate02_G08_TGAACTGG_L002_EpiAge7680503Aligned.out_counts.txt,Neut,36,NA
lane2_B14_Plate02_G09_TGGCTCAG_L002_EpiAge7680511Aligned.out_counts.txt,BCell,36,Y
lane2_B14_Plate02_G10_TCGTTAGC_L002_EpiAge7680519Aligned.out_counts.txt,NA,36,NA
lane2_B14_Plate02_G11_TCATCCTA_L002_EpiAge7680527Aligned.out_counts.txt,MemCD4T,36,Y
lane2_B14_Plate02_G12_TGCGTGAA_L002_EpiAge7680535Aligned.out_counts.txt,BCell,36,Y
lane2_B14_Plate02_H04_ACAGTGGT_L002_EpiAge7680472Aligned.out_counts.txt,BCell,36,Y
lane2_B14_Plate02_H05_TGGTTGTT_L002_EpiAge7680480Aligned.out_counts.txt,BCell,36,Y
lane2_B14_Plate02_H06_TCGAGCGT_L002_EpiAge7680488Aligned.out_counts.txt,MemCD8T,36,Y
lane2_B14_Plate02_H07_TCCTCAAT_L002_EpiAge7680496Aligned.out_counts.txt,BCell,36,Y
lane2_B14_Plate02_H08_TACTTCGG_L002_EpiAge7680504Aligned.out_counts.txt,BCell,36,Y
lane2_B14_Plate02_H09_TATGCCAG_L002_EpiAge7680512Aligned.out_counts.txt,BCell,36,Y
lane2_B14_Plate02_H10_TACCGAGC_L002_EpiAge7680520Aligned.out_counts.txt,BCell,36,Y
lane2_B14_Plate02_H11_TGCTGATA_L002_EpiAge7680528Aligned.out_counts.txt,BCell,36,Y
lane2_B21_Plate06_A02_ATGTGCTC_L002_EpiAge7849267Aligned.out_counts.txt,NA,77,NA
lane2_B21_Plate06_A03_TTCGTTCG_L002_EpiAge7849275Aligned.out_counts.txt,BCell,77,Y
lane2_B21_Plate06_A04_ATCGGGTG_L002_EpiAge7849283Aligned.out_counts.txt,BCell,77,Y
lane2_B21_Plate06_A05_CTGTAGTT_L002_EpiAge7849291Aligned.out_counts.txt,NveCD4T,77,old
lane2_B21_Plate06_A06_TCCCACTG_L002_EpiAge7849299Aligned.out_counts.txt,RegT,77,old
lane2_B21_Plate06_A07_AGGCGACA_L002_EpiAge7849307Aligned.out_counts.txt,NveCD4T,77,Y
lane2_B21_Plate06_A08_TTAAGGTA_L002_EpiAge7849315Aligned.out_counts.txt,BCell,77,Y
lane2_B21_Plate06_A09_GTAAGTAC_L002_EpiAge7849323Aligned.out_counts.txt,BCell,77,Y
lane2_B21_Plate06_A10_TCGTAACA_L002_EpiAge7849331Aligned.out_counts.txt,BCell,77,Y
lane2_B21_Plate06_A11_CATAGCGA_L002_EpiAge7849339Aligned.out_counts.txt,BCell,77,Y
lane2_B21_Plate06_A12_GGCCTCGC_L002_EpiAge7849347Aligned.out_counts.txt,BCell,77,Y
lane2_B21_Plate06_B01_CTTCCCAA_L002_EpiAge7849260Aligned.out_counts.txt,BCell,77,Y
lane2_B21_Plate06_B02_AGGTTCGC_L002_EpiAge7849268Aligned.out_counts.txt,NveCD4T,77,old
lane2_B21_Plate06_B03_AAGTATGT_L002_EpiAge7849276Aligned.out_counts.txt,NveCD4T,77,Y
lane2_B21_Plate06_B04_ACGACTTG_L002_EpiAge7849284Aligned.out_counts.txt,BCell,77,old
lane2_B21_Plate06_B05_TCCTTCAG_L002_EpiAge7849292Aligned.out_counts.txt,Neut,77,NA
lane2_B21_Plate06_B06_CGTACTGC_L002_EpiAge7849300Aligned.out_counts.txt,BCell,77,Y
lane2_B21_Plate06_B07_CCGGACGA_L002_EpiAge7849308Aligned.out_counts.txt,BCell,77,Y
lane2_B21_Plate06_B08_TAGCTGTA_L002_EpiAge7849316Aligned.out_counts.txt,MemCD8T,77,Y
lane2_B21_Plate06_B09_CACTCCCG_L002_EpiAge7849324Aligned.out_counts.txt,BCell,77,Y
lane2_B21_Plate06_B10_GTATTACA_L002_EpiAge7849332Aligned.out_counts.txt,NveCD4T,77,Y
lane2_B21_Plate06_B11_AGATCAAG_L002_EpiAge7849340Aligned.out_counts.txt,MemCD8T,77,old
lane2_B21_Plate06_B12_GGTCCTTC_L002_EpiAge7849348Aligned.out_counts.txt,MemCD8T,77,Y
lane2_B21_Plate06_C01_ACCATGCT_L002_EpiAge7849261Aligned.out_counts.txt,BCell,77,Y
lane2_B21_Plate06_C02_ATGTAGCG_L002_EpiAge7849269Aligned.out_counts.txt,BCell,77,Y
lane2_B21_Plate06_C03_CCACTAAA_L002_EpiAge7849277Aligned.out_counts.txt,NK,77,old
lane2_B21_Plate06_C04_ATATTCGG_L002_EpiAge7849285Aligned.out_counts.txt,BCell,77,Y
lane2_B21_Plate06_C05_AATCTACG_L002_EpiAge7849293Aligned.out_counts.txt,EffCD4T,77,Y
lane2_B21_Plate06_C06_AAGAACGT_L002_EpiAge7849301Aligned.out_counts.txt,MemCD8T,77,old
lane2_B21_Plate06_C07_GTCCATGG_L002_EpiAge7849309Aligned.out_counts.txt,BCell,77,Y
lane2_B21_Plate06_C08_CATGAAGA_L002_EpiAge7849317Aligned.out_counts.txt,MemCD8T,77,Y
lane2_B21_Plate06_C09_AGGGTCAT_L002_EpiAge7849325Aligned.out_counts.txt,NveCD4T,77,old
lane2_B21_Plate06_C10_GTGAACCA_L002_EpiAge7849333Aligned.out_counts.txt,BCell,77,old
lane2_B21_Plate06_C11_GGGGTTGC_L002_EpiAge7849341Aligned.out_counts.txt,BCell,77,Y
lane2_B21_Plate06_C12_GGGTGTGA_L002_EpiAge7849349Aligned.out_counts.txt,BCell,77,old
lane2_B21_Plate06_D01_GTGATTTA_L002_EpiAge7849262Aligned.out_counts.txt,EffCD4T,77,Y
lane2_B21_Plate06_D02_AATGCCTC_L002_EpiAge7849270Aligned.out_counts.txt,BCell,77,Y
lane2_B21_Plate06_D03_GGGAGAGC_L002_EpiAge7849278Aligned.out_counts.txt,MemCD8T,77,Y
lane2_B21_Plate06_D04_GCCTAATT_L002_EpiAge7849286Aligned.out_counts.txt,EffCD4T,77,old
lane2_B21_Plate06_D05_CACAGTAG_L002_EpiAge7849294Aligned.out_counts.txt,BCell,77,old
lane2_B21_Plate06_D06_TACATACA_L002_EpiAge7849302Aligned.out_counts.txt,MemCD8T,77,old
lane2_B21_Plate06_D07_CACTATGC_L002_EpiAge7849310Aligned.out_counts.txt,BCell,77,Y
lane2_B21_Plate06_D08_CAACCAGT_L002_EpiAge7849318Aligned.out_counts.txt,BCell,77,Y
lane2_B21_Plate06_D09_ATTAGCAA_L002_EpiAge7849326Aligned.out_counts.txt,NA,77,NA
lane2_B21_Plate06_D10_GCACTCCA_L002_EpiAge7849334Aligned.out_counts.txt,NveCD8TT,77,Y
lane2_B21_Plate06_D11_AAAGGTAT_L002_EpiAge7849342Aligned.out_counts.txt,BCell,77,Y
lane2_B21_Plate06_D12_TATGGACG_L002_EpiAge7849350Aligned.out_counts.txt,BCell,77,Y
lane2_B21_Plate06_E01_CGGTGCAA_L002_EpiAge7849263Aligned.out_counts.txt,BCell,77,Y
lane2_B21_Plate06_E02_TGACTGTA_L002_EpiAge7849271Aligned.out_counts.txt,BCell,77,Y
lane2_B21_Plate06_E03_CTTAACGC_L002_EpiAge7849279Aligned.out_counts.txt,NveCD4T,77,old
lane2_B21_Plate06_E04_CACAGAAT_L002_EpiAge7849287Aligned.out_counts.txt,NveCD8TT,77,Y
lane2_B21_Plate06_E05_TTAGCAGT_L002_EpiAge7849295Aligned.out_counts.txt,BCell,77,Y
lane2_B21_Plate06_E06_ATCGACCA_L002_EpiAge7849303Aligned.out_counts.txt,BCell,77,Y
lane2_B21_Plate06_E07_CTACCATA_L002_EpiAge7849311Aligned.out_counts.txt,NveCD4T,77,old
lane2_B21_Plate06_E08_GAACCGAG_L002_EpiAge7849319Aligned.out_counts.txt,EffCD4T,77,Y
lane2_B21_Plate06_E09_ATAGACTT_L002_EpiAge7849327Aligned.out_counts.txt,BCell,77,Y
lane2_B21_Plate06_E10_CCACGTTT_L002_EpiAge7849335Aligned.out_counts.txt,EffCD4T,77,Y
lane2_B21_Plate06_E11_CTCTTCCC_L002_EpiAge7849343Aligned.out_counts.txt,BCell,77,Y
lane2_B21_Plate06_E12_GACTAGCC_L002_EpiAge7849351Aligned.out_counts.txt,NveCD4T,77,old
lane2_B21_Plate06_F01_AATTCCTG_L002_EpiAge7849264Aligned.out_counts.txt,Mono,77,Y
lane2_B21_Plate06_F02_ACTTAAGC_L002_EpiAge7849272Aligned.out_counts.txt,NveCD4T,77,old
lane2_B21_Plate06_F03_AGTGTTCT_L002_EpiAge7849280Aligned.out_counts.txt,BCell,77,Y
lane2_B21_Plate06_F04_ACTCCCCA_L002_EpiAge7849288Aligned.out_counts.txt,BCell,77,Y
lane2_B21_Plate06_F05_AGAGGGAG_L002_EpiAge7849296Aligned.out_counts.txt,BCell,77,Y
lane2_B21_Plate06_F06_ACACTTAC_L002_EpiAge7849304Aligned.out_counts.txt,BCell,77,Y
lane2_B21_Plate06_F07_CGGCTCAC_L002_EpiAge7849312Aligned.out_counts.txt,BCell,77,Y
lane2_B21_Plate06_F08_TGCGCAAC_L002_EpiAge7849320Aligned.out_counts.txt,BCell,77,Y
lane2_B21_Plate06_F09_CCGCCATT_L002_EpiAge7849328Aligned.out_counts.txt,EffCD4T,77,old
lane2_B21_Plate06_F10_CCAATCAC_L002_EpiAge7849336Aligned.out_counts.txt,BCell,77,Y
lane2_B21_Plate06_F11_GACGTACC_L002_EpiAge7849344Aligned.out_counts.txt,BCell,77,Y
lane2_B21_Plate06_F12_AATGCGGT_L002_EpiAge7849352Aligned.out_counts.txt,BCell,77,Y
lane2_B21_Plate06_G01_CTTCAGCG_L002_EpiAge7849265Aligned.out_counts.txt,MemCD8T,77,Y
lane2_B21_Plate06_G02_CAACATTG_L002_EpiAge7849273Aligned.out_counts.txt,BCell,77,Y
lane2_B21_Plate06_G03_ACTTCCGA_L002_EpiAge7849281Aligned.out_counts.txt,BCell,77,old
lane2_B21_Plate06_G04_TGTGCGCC_L002_EpiAge7849289Aligned.out_counts.txt,BCell,77,Y
lane2_B21_Plate06_G05_ATGTCCAT_L002_EpiAge7849297Aligned.out_counts.txt,NveCD8TT,77,old
lane2_B21_Plate06_G06_GCAGTGGC_L002_EpiAge7849305Aligned.out_counts.txt,NveCD4T,77,old
lane2_B21_Plate06_G07_TAGAGATG_L002_EpiAge7849313Aligned.out_counts.txt,BCell,77,Y
lane2_B21_Plate06_G08_CGGGAGTA_L002_EpiAge7849321Aligned.out_counts.txt,BCell,77,Y
lane2_B21_Plate06_G09_CCATCTCC_L002_EpiAge7849329Aligned.out_counts.txt,BCell,77,Y
lane2_B21_Plate06_G10_TGGTATCA_L002_EpiAge7849337Aligned.out_counts.txt,BCell,77,Y
lane2_B21_Plate06_G11_TGGTTCTC_L002_EpiAge7849345Aligned.out_counts.txt,BCell,77,Y
lane2_B21_Plate06_G12_CAACTCTG_L002_EpiAge7849353Aligned.out_counts.txt,BCell,77,Y
lane2_B21_Plate06_H02_GCTGTTTA_L002_EpiAge7849274Aligned.out_counts.txt,BCell,77,Y
lane2_B21_Plate06_H03_GCTGCTAC_L002_EpiAge7849282Aligned.out_counts.txt,BCell,77,Y
lane2_B21_Plate06_H04_CACCAACA_L002_EpiAge7849290Aligned.out_counts.txt,NveCD8TT,77,Y
lane2_B21_Plate06_H05_ACCATAGT_L002_EpiAge7849298Aligned.out_counts.txt,MemCD8T,77,Y
lane2_B21_Plate06_H06_AGCAAACC_L002_EpiAge7849306Aligned.out_counts.txt,BCell,77,Y
lane2_B21_Plate06_H07_CTAGAGTG_L002_EpiAge7849314Aligned.out_counts.txt,BCell,77,Y
lane2_B21_Plate06_H08_AGTGAATA_L002_EpiAge7849322Aligned.out_counts.txt,NveCD4T,77,Y
lane2_B21_Plate06_H09_TCAAGAGT_L002_EpiAge7849330Aligned.out_counts.txt,MemCD4T,77,old
lane2_B21_Plate06_H10_CAGATACC_L002_EpiAge7849338Aligned.out_counts.txt,MemCD8T,77,Y
lane2_B21_Plate06_H11_GGATCTAA_L002_EpiAge7849346Aligned.out_counts.txt,NA,77,NA
